time,latitude,longitude,depth,mag,magType,nst,gap,dmin,rms,net,id,updated,place,type,horizontalError,depthError,magError,magNst,status,locationSource,magSource
1984-12-30T21:36:56.410Z,-36.663,177.512,39.3,6.8,mw,,,,1.4,us,usp0002ajv,2016-11-10T00:57:12.715Z,"150 km N of Opotiki, New Zealand",earthquake,,4.1,,,reviewed,us,hrv
1993-08-13T11:02:20.390Z,-35.989,178.51,95.2,6.3,mw,,,,1.3,us,usp0005yfz,2016-11-09T23:14:30.638Z,"249 km NNE of Opotiki, New Zealand",earthquake,,,,,reviewed,us,hrv
1991-11-20T09:23:09.460Z,-36.515,178.385,79.2,6.1,mw,,,,1.4,us,usp0004zcg,2016-11-10T00:52:44.114Z,"192 km NNE of Opotiki, New Zealand",earthquake,,,,,reviewed,us,hrv
1984-12-30T20:59:56.120Z,-36.695,177.493,35.8,5.8,mw,,,,1.3,us,usp0002ajr,2016-11-10T00:19:36.471Z,"146 km N of Opotiki, New Zealand",earthquake,,7.1,,,reviewed,us,hrv
2020-03-14T10:05:15.903Z,-36.545,178.8162,48.06,5.8,mww,,55,1.094,0.74,us,us60008hpv,2020-05-30T22:17:19.040Z,"211 km NE of Opotiki, New Zealand",earthquake,9.4,2.8,0.073,18,reviewed,us,us
2013-02-16T05:16:17.130Z,-36.514,177.933,207.1,5.8,mww,499,28.3,,1.06,us,usc000f8cd,2020-07-10T18:51:42.575Z,"175 km NNE of Opotiki, New Zealand",earthquake,,3.7,,,reviewed,us,us
1984-12-28T18:20:16.130Z,-36.638,177.772,26.8,5.7,mw,,,,1.3,us,usp0002age,2016-11-10T00:18:39.183Z,"158 km NNE of Opotiki, New Zealand",earthquake,,5.9,,,reviewed,us,hrv
1985-01-08T07:41:47.080Z,-36.583,177.685,24.6,5.7,mw,,,,1.2,us,usp0002av1,2016-11-09T21:37:32.175Z,"162 km NNE of Opotiki, New Zealand",earthquake,,7.1,,,reviewed,us,hrv
1985-01-06T18:32:05.490Z,-36.644,177.584,28,5.6,mw,,,,1,us,usp0002at7,2016-11-09T21:36:38.824Z,"153 km N of Opotiki, New Zealand",earthquake,,7.8,,,reviewed,us,hrv
1993-08-26T01:30:00.070Z,-35.899,178.265,33,5.6,mw,,,,1.2,us,usp0005z76,2016-11-09T23:20:28.113Z,"249 km ENE of Tairua, New Zealand",earthquake,,,,,reviewed,us,hrv
2021-03-19T18:52:43.663Z,-35.4845,178.673,173.23,5.6,mww,,24,2.094,0.92,us,us7000dl1u,2021-06-02T15:24:00.040Z,off the east coast of the North Island of New Zealand,earthquake,7,4.3,0.057,30,reviewed,us,us
1984-12-30T20:26:24.630Z,-36.68,177.701,42.9,5.5,mw,,,,1.2,us,usp0002ajn,2016-11-10T00:19:35.895Z,"152 km NNE of Opotiki, New Zealand",earthquake,,7.1,,,reviewed,us,hrv
1985-01-13T16:01:00.140Z,-36.676,177.71,33,5.5,mb,,,,1.2,us,usp0002b04,2014-11-07T00:36:01.710Z,"152 km NNE of Opotiki, New Zealand",earthquake,,,,5,reviewed,us,us
1984-12-30T15:06:45.200Z,-36.622,177.893,23.6,5.5,mw,,,,1.1,us,usp0002ajh,2016-11-10T00:19:35.285Z,"163 km NNE of Opotiki, New Zealand",earthquake,,5.5,,,reviewed,us,hrv
1984-12-28T13:58:14.730Z,-36.609,177.803,33,5.5,mb,,,,1.3,us,usp0002ag9,2014-11-07T00:35:54.804Z,"161 km NNE of Opotiki, New Zealand",earthquake,,,,6,reviewed,us,us
2017-11-22T07:42:58.560Z,-36.5756,177.5099,15.91,5.5,mww,,61,1.173,1.37,us,us2000bsrh,2018-02-14T02:01:10.040Z,"156 km ENE of Tairua, New Zealand",earthquake,6.9,1.9,0.054,33,reviewed,us,us
1979-10-28T18:41:39.800Z,-36.766,177.952,154,5.4,mb,,,,,us,usp00013rj,2016-11-09T23:49:49.914Z,"150 km NNE of Opotiki, New Zealand",earthquake,,,,,reviewed,us,us
1985-01-02T21:08:57.300Z,-36.549,177.794,33,5.4,mw,,,,1.3,us,usp0002anp,2016-11-09T21:35:05.068Z,off the east coast of the North Island of New Zealand,earthquake,,,,,reviewed,us,hrv
1999-04-20T06:15:21.430Z,-36.396,177.863,228.8,5.4,mwc,,,,1.03,us,usp00096kn,2016-11-09T22:20:55.554Z,"186 km NNE of Opotiki, New Zealand",earthquake,,5.2,,,reviewed,us,hrv
1999-07-15T14:52:57.970Z,-35.781,178.089,248.9,5.4,mwc,,,,1.04,us,usp0009bnj,2016-11-09T22:59:46.143Z,"243 km NE of Tairua, New Zealand",earthquake,,,,,reviewed,us,hrv
1994-12-04T22:05:57.320Z,-35.587,178.431,160,5.4,mw,,,,1.2,us,usp0006pp1,2016-11-10T00:07:29.287Z,"280 km NE of Tairua, New Zealand",earthquake,,,,,reviewed,us,hrv
1992-03-16T23:21:33.390Z,-35.406,178.528,180.8,5.4,mw,,,,1.4,us,usp00054cq,2016-11-09T22:05:47.836Z,"299 km ENE of Whitianga, New Zealand",earthquake,,,,,reviewed,us,hrv
1996-06-16T00:56:44.600Z,-36.481,178.922,33,5.3,ms,,,,1.3,us,usp0007ju7,2014-11-07T01:00:38.086Z,"223 km NE of Opotiki, New Zealand",earthquake,,,,1,reviewed,us,us
2014-09-21T15:02:30.210Z,-36.0766,178.0643,10,5.3,mb,,75,1.495,1.02,us,usb000ser4,2014-12-19T00:05:25.040Z,"224 km ENE of Tairua, New Zealand",earthquake,7.6,1.7,0.075,72,reviewed,us,us
2011-07-09T14:40:45.490Z,-35.897,178.116,12,5.3,mwc,127,57.5,,,us,usp000j4f3,2014-11-07T01:45:19.145Z,"238 km ENE of Tairua, New Zealand",earthquake,,,,,reviewed,wel,gcmt
2007-10-27T07:54:58.880Z,-35.65,177.931,5.7,5.3,mwc,21,89.4,,0.74,us,usp000frc7,2016-11-10T01:47:23.973Z,"239 km NE of Whitianga, New Zealand",earthquake,,18.4,,,reviewed,us,gcmt
2008-12-17T20:33:57.610Z,-36.914,177.732,126.4,5.2,mwc,136,72.5,,,us,usp000gqts,2016-11-10T02:05:29.929Z,"127 km NNE of Opotiki, New Zealand",earthquake,,,,,reviewed,wel,gcmt
1984-12-30T21:36:23.030Z,-36.749,177.411,40.4,5.2,mb,,,,1.1,us,usp0002aju,2014-11-07T00:35:55.120Z,"139 km NNE of Whakatane, New Zealand",earthquake,,6.4,,2,reviewed,us,us
1984-12-30T21:28:39.040Z,-36.696,177.536,43.8,5.2,mb,,,,1.1,us,usp0002ajt,2014-11-07T00:35:55.118Z,"147 km N of Opotiki, New Zealand",earthquake,,14.5,,2,reviewed,us,us
1984-12-28T13:05:36.510Z,-36.66,177.777,33,5.2,mb,,,,1.8,us,usp0002ag6,2014-11-07T00:35:54.795Z,"155 km NNE of Opotiki, New Zealand",earthquake,,,,3,reviewed,us,us
1976-05-18T06:39:01.400Z,-36.605,177.609,33,5.2,mb,,,,,us,usp0000gd9,2014-11-06T23:21:35.319Z,"158 km N of Opotiki, New Zealand",earthquake,,,,,reviewed,us,us
1981-07-06T17:26:15.950Z,-36.593,177.541,146.9,5.2,mb,,,,0.7,us,usp0001ejb,2014-11-07T00:29:45.142Z,"158 km ENE of Tairua, New Zealand",earthquake,,17.3,,3,reviewed,us,us
2012-01-15T13:41:31.420Z,-36.573,177.217,273.2,5.2,ml,94,214.6,,,us,usp000jdhr,2014-11-07T01:46:47.346Z,"131 km ENE of Tairua, New Zealand",earthquake,,,,,reviewed,wel,wel
2015-02-23T10:25:06.180Z,-36.5148,177.267,24.92,5.2,mww,,,,1.25,us,usc000tsfu,2015-05-12T20:29:41.040Z,"138 km ENE of Tairua, New Zealand",earthquake,7.9,4.2,,,reviewed,wel,us
1985-01-13T01:08:27.030Z,-36.465,177.651,33,5.2,mb,,,,1.3,us,usp0002azg,2014-11-07T00:36:01.604Z,"172 km ENE of Tairua, New Zealand",earthquake,,,,6,reviewed,us,us
1985-11-27T02:01:32.620Z,-36.848,178.552,33,5.1,mb,,,,1.4,us,usp0002n8x,2014-11-07T00:37:30.833Z,"170 km NE of Opotiki, New Zealand",earthquake,,,,8,reviewed,us,us
1985-01-01T16:40:24.420Z,-36.664,177.636,33,5.1,mb,,,,1,us,usp0002amn,2014-11-07T00:35:57.632Z,"152 km NNE of Opotiki, New Zealand",earthquake,,,,3,reviewed,us,us
2020-03-18T16:56:24.148Z,-36.5901,178.9624,47.07,5.1,mb,,101,1.103,0.83,us,us60008hxu,2020-06-06T20:53:49.040Z,"216 km NE of Opotiki, New Zealand",earthquake,9.4,4,0.089,41,reviewed,us,us
2007-10-11T10:19:12.100Z,-36.59,177.1,12,5.1,ml,39,182.7,,,us,usp000fqap,2014-11-07T01:33:54.151Z,"121 km ENE of Tairua, New Zealand",earthquake,,,,,reviewed,wel,wel
2015-02-25T19:33:08.800Z,-36.583,177.275,12,5.1,mwr,,,,1.29,us,usc000tt6i,2016-11-10T21:46:39.157Z,"135 km ENE of Tairua, New Zealand",earthquake,6.9,3.9,0.098,10,reviewed,wel,us
1976-05-17T21:55:26.600Z,-36.563,177.547,53,5.1,mb,,,,,us,usp0000gcx,2014-11-06T23:21:35.310Z,"159 km ENE of Tairua, New Zealand",earthquake,,,,,reviewed,us,us
1984-12-30T11:06:03.790Z,-36.547,177.657,33,5.1,ms,,,,0.9,us,usp0002ajd,2014-11-07T00:35:55.080Z,"165 km NNE of Opotiki, New Zealand",earthquake,,,,1,reviewed,us,us
1985-01-02T13:39:54.570Z,-36.492,177.786,33,5.1,mb,,,,1.1,us,usp0002ane,2014-11-07T00:35:58.274Z,"174 km NNE of Opotiki, New Zealand",earthquake,,,,6,reviewed,us,us
2009-03-16T06:50:45.360Z,-36.488,178.024,229.7,5.1,m,111,168,,,us,usp000gv19,2014-11-07T01:38:35.363Z,"181 km NNE of Opotiki, New Zealand",earthquake,,,,,reviewed,wel,wel
1985-01-01T18:14:46.710Z,-36.429,178.055,33,5.1,mb,,,,0.8,us,usp0002amq,2014-11-07T00:35:57.659Z,"188 km NNE of Opotiki, New Zealand",earthquake,,,,2,reviewed,us,us
1977-02-09T16:19:05.200Z,-36.414,178.69,87,5.1,mb,,,,,us,usp0000mgx,2014-11-06T23:21:39.813Z,"216 km NE of Opotiki, New Zealand",earthquake,,,,,reviewed,us,us
1988-11-15T05:24:29.270Z,-36.364,178.258,142.9,5.1,mb,,,,1.1,us,usp0003nvs,2014-11-07T00:43:06.359Z,"201 km NNE of Opotiki, New Zealand",earthquake,,9.9,,4,reviewed,us,us
2007-02-09T13:51:01.400Z,-36.31,177.53,303,5.1,m,64,240.5,,,us,usp000f4jp,2014-11-07T01:31:35.991Z,"169 km ENE of Tairua, New Zealand",earthquake,,,,,reviewed,wel,wel
1986-11-18T10:15:55.340Z,-36.304,177.883,279.6,5.1,mb,,,,1.3,us,usp000304g,2014-11-07T00:39:21.586Z,"196 km NNE of Opotiki, New Zealand",earthquake,,6.6,,3,reviewed,us,us
1988-12-17T20:21:37.650Z,-36.035,177.813,234.6,5.1,mb,,,,1.1,us,usp0003pxg,2014-11-07T00:43:17.733Z,"206 km ENE of Tairua, New Zealand",earthquake,,6.9,,10,reviewed,us,us
1979-11-26T15:43:16.400Z,-36.006,176.977,207,5.1,mb,,,,,us,usp0001472,2014-11-06T23:22:07.772Z,"146 km NE of Whitianga, New Zealand",earthquake,,,,,reviewed,us,us
2014-09-21T15:05:27.520Z,-35.9505,178.3747,10,5.1,mb,,89,2.516,1.06,us,usb000serd,2014-12-19T00:05:25.040Z,"248 km NNE of Opotiki, New Zealand",earthquake,10.3,1.8,0.099,36,reviewed,us,us
1986-08-13T04:12:16.790Z,-35.871,178.01,186.3,5.1,mb,,,,1.1,us,usp0002x3k,2014-11-07T00:38:51.285Z,"231 km NE of Tairua, New Zealand",earthquake,,14.3,,2,reviewed,us,us
2005-08-30T17:34:12.700Z,-35.8,178.47,33,5.1,mwc,60,149.5,,,us,usp000dybv,2016-11-10T01:10:56.451Z,"266 km NNE of Opotiki, New Zealand",earthquake,,,,,reviewed,wel,hrv
1995-12-16T07:38:11.420Z,-35.773,178.229,185.5,5.1,mb,,,,1.4,us,usp000792q,2014-11-07T00:59:26.662Z,"254 km ENE of Tairua, New Zealand",earthquake,,19,,11,reviewed,us,us
2008-02-19T09:26:08.890Z,-35.747,178.259,10,5.1,mwc,45,89.4,,1.27,us,usp000fz7u,2016-11-10T01:51:59.801Z,"258 km NE of Tairua, New Zealand",earthquake,,,,,reviewed,us,gcmt
2008-02-19T11:51:59.380Z,-35.664,178.36,10,5.1,mwc,35,95.9,,1.33,us,usp000fz82,2016-11-10T01:52:00.302Z,"270 km NE of Tairua, New Zealand",earthquake,,,,,reviewed,us,gcmt
2018-04-13T13:38:10.980Z,-35.5014,178.5098,160.96,5.1,mww,,130,2.063,1.38,us,us2000dzmt,2018-07-07T02:25:21.040Z,"292 km NE of Tairua, New Zealand",earthquake,5.8,5.4,0.069,20,reviewed,us,us
2009-07-12T23:01:09.950Z,-36.902,178.255,89.1,5,mwc,122,57.5,,1.42,us,usp000gz62,2016-11-10T02:14:36.861Z,"149 km NE of Opotiki, New Zealand",earthquake,,6.3,,,reviewed,us,gcmt
1985-01-10T15:30:50.130Z,-36.653,177.548,33,5,mb,,,,0.9,us,usp0002axh,2014-11-07T00:36:01.325Z,"152 km N of Opotiki, New Zealand",earthquake,,,,4,reviewed,us,us
1984-12-31T05:51:52.000Z,-36.611,177.5,14.1,5,mb,,,,1.3,us,usp0002ak4,2014-11-07T00:35:55.211Z,"153 km ENE of Tairua, New Zealand",earthquake,,4.9,,2,reviewed,us,us
1985-01-06T18:45:21.750Z,-36.512,177.55,33,5,mb,,,,0.5,us,usp0002at9,2014-11-07T00:36:00.512Z,"161 km ENE of Tairua, New Zealand",earthquake,,,,4,reviewed,us,us
1985-03-23T22:32:15.940Z,-36.463,177.486,234.3,5,mb,,,,1.5,us,usp0002d5e,2014-11-07T00:36:20.017Z,"158 km ENE of Tairua, New Zealand",earthquake,,6.7,,5,reviewed,us,us
1985-01-08T09:57:32.170Z,-36.431,177.77,33,5,mb,,,,1.1,us,usp0002av6,2014-11-07T00:36:00.979Z,"180 km NNE of Opotiki, New Zealand",earthquake,,,,4,reviewed,us,us
1985-01-02T12:59:05.750Z,-36.275,177.209,33,5,ms,,,,1.1,us,usp0002and,2014-11-07T00:35:58.243Z,"146 km NE of Tairua, New Zealand",earthquake,,,,2,reviewed,us,us
1985-01-05T01:06:23.720Z,-36.102,178.672,33,5,ms,,,,1.5,us,usp0002ar0,2014-11-07T00:35:59.473Z,"244 km NNE of Opotiki, New Zealand",earthquake,,,,1,reviewed,us,us
1988-08-27T05:24:54.390Z,-36.1,178.352,125.6,5,mb,,,,1.4,us,usp0003kec,2014-11-07T00:42:42.519Z,"232 km NNE of Opotiki, New Zealand",earthquake,,18.2,,5,reviewed,us,us
1982-03-30T03:35:49.670Z,-35.998,178.178,33,5,mb,,,,1.1,us,usp0001ket,2014-11-07T00:31:02.690Z,"236 km NNE of Opotiki, New Zealand",earthquake,,,,1,reviewed,us,us
1986-04-27T21:45:54.670Z,-35.949,178.105,215.2,5,mb,,,,1.4,us,usp0002t92,2014-11-07T00:38:15.934Z,"234 km ENE of Tairua, New Zealand",earthquake,,12.8,,3,reviewed,us,us
1977-11-10T04:15:20.500Z,-35.887,178.497,56,5,mb,,,,,us,usp0000rer,2014-11-06T23:21:45.152Z,"258 km NNE of Opotiki, New Zealand",earthquake,,,,,reviewed,us,us
1977-11-09T20:14:59.700Z,-35.656,178.36,41,5,mb,,,,,us,usp0000reh,2014-11-06T23:21:45.144Z,"271 km NE of Tairua, New Zealand",earthquake,,,,,reviewed,us,us
2006-01-01T21:56:37.210Z,-36.946,177.872,100.8,4.9,mb,68,123,,0.86,us,usp000e7cn,2014-11-07T01:28:01.598Z,"128 km NNE of Opotiki, New Zealand",earthquake,,4.3,,6,reviewed,us,us
1992-11-04T14:01:57.500Z,-36.905,177.579,198.5,4.9,mb,,,,1.3,us,usp0005g9j,2014-11-07T00:51:48.400Z,"125 km NNE of Opotiki, New Zealand",earthquake,,7.7,,3,reviewed,us,us
2009-07-25T17:46:26.750Z,-36.757,178.77,33,4.9,mwc,133,110,,,us,usp000gzmd,2016-11-10T02:15:05.926Z,"191 km NE of Opotiki, New Zealand",earthquake,,,,,reviewed,wel,gcmt
2011-03-31T08:35:29.370Z,-36.688,177.274,201.4,4.9,m,95,201.9,,,us,usp000hyzq,2014-11-07T01:44:22.931Z,"132 km ENE of Tairua, New Zealand",earthquake,,,,,reviewed,wel,wel
1985-01-01T14:08:03.000Z,-36.627,177.579,33,4.9,mb,,,,0.8,us,usp0002amh,2014-11-07T00:35:57.514Z,"155 km N of Opotiki, New Zealand",earthquake,,,,2,reviewed,us,us
1985-01-03T16:46:07.600Z,-36.624,177.96,33,4.9,mb,,,,1.4,us,usp0002apt,2014-11-07T00:35:58.999Z,"164 km NNE of Opotiki, New Zealand",earthquake,,,,5,reviewed,us,us
1985-01-06T19:30:46.690Z,-36.543,177.514,24.8,4.9,ms,,,,1.2,us,usp0002ata,2014-11-07T00:36:00.516Z,"157 km ENE of Tairua, New Zealand",earthquake,,7.5,,1,reviewed,us,us
2005-10-15T00:17:36.200Z,-36.47,177.38,262,4.9,m,64,224.3,,,us,usp000e1va,2014-11-07T01:27:24.118Z,"149 km ENE of Tairua, New Zealand",earthquake,,,,,reviewed,wel,wel
1984-12-28T11:16:57.970Z,-36.458,177.941,33,4.9,mb,,,,1.2,us,usp0002ag0,2014-11-07T00:35:54.745Z,"181 km NNE of Opotiki, New Zealand",earthquake,,,,2,reviewed,us,us
2013-05-28T06:59:44.930Z,-36.338,178.711,221.5,4.9,mb,76,135,,1.41,us,usb000h7b8,2014-11-07T01:50:54.889Z,"224 km NE of Opotiki, New Zealand",earthquake,,7.2,,46,reviewed,us,us
2008-05-03T17:22:15.130Z,-36.283,178.317,169.9,4.9,mb,30,106.6,,,us,usp000g5dy,2014-11-07T01:35:50.572Z,"212 km NNE of Opotiki, New Zealand",earthquake,,,,8,reviewed,wel,us
1991-05-07T18:40:48.790Z,-35.947,177.74,10,4.9,mb,,,,0.7,us,usp0004rcs,2014-11-07T00:48:33.488Z,"206 km NE of Tairua, New Zealand",earthquake,,,,3,reviewed,us,us
1993-08-27T05:46:43.170Z,-35.544,178.265,33,4.9,mb,,,,1.5,us,usp0005za9,2014-11-07T00:53:49.150Z,"271 km ENE of Whitianga, New Zealand",earthquake,,,,9,reviewed,us,us
2021-05-02T00:07:06.488Z,-35.509,178.7381,10,4.9,mww,,74,2.078,0.6,us,us7000dzd3,2021-07-10T20:14:55.040Z,off the east coast of the North Island of New Zealand,earthquake,10.7,1.9,0.098,10,reviewed,us,us
2018-02-05T17:54:26.000Z,-35.4911,178.8217,9.07,4.9,mb,,102,2.108,0.83,us,us2000d2q6,2018-05-03T22:14:58.040Z,off the east coast of the North Island of New Zealand,earthquake,10.1,5.7,0.09,39,reviewed,us,us
2015-12-21T07:31:58.480Z,-35.4247,178.4624,215.9,4.9,mb,,73,2.137,1.34,us,us100048k8,2016-11-10T22:05:24.131Z,"293 km ENE of Whitianga, New Zealand",earthquake,9.1,4.8,0.082,46,reviewed,us,us
1993-10-14T09:32:40.200Z,-36.886,178.032,179.1,4.8,mb,,,,1.5,us,usp00061z8,2014-11-07T00:54:12.484Z,"141 km NNE of Opotiki, New Zealand",earthquake,,10.1,,2,reviewed,us,us
1987-07-05T20:06:50.460Z,-36.802,177.499,165.8,4.8,mb,,,,1.2,us,usp00036ce,2014-11-07T00:40:38.603Z,"135 km N of Opotiki, New Zealand",earthquake,,8.3,,3,reviewed,us,us
1997-03-03T14:13:35.650Z,-36.757,177.627,33,4.8,mb,,,,0.96,us,usp0007y6y,2014-11-07T01:02:16.464Z,"142 km NNE of Opotiki, New Zealand",earthquake,,,,5,reviewed,us,us
2011-09-30T10:42:25.490Z,-36.616,177.732,158.4,4.8,mb,136,116.6,,,us,usp000j8s1,2014-11-07T01:45:58.280Z,"159 km NNE of Opotiki, New Zealand",earthquake,,,,9,reviewed,wel,us
1985-01-11T04:50:11.560Z,-36.606,177.592,33,4.8,mb,,,,0.8,us,usp0002ay6,2014-11-07T00:36:01.422Z,"158 km N of Opotiki, New Zealand",earthquake,,,,3,reviewed,us,us
2006-03-16T20:19:03.200Z,-36.59,177.99,121,4.8,m,63,233.5,,,us,usp000eca1,2014-11-07T01:28:32.172Z,"169 km NNE of Opotiki, New Zealand",earthquake,,,,,reviewed,wel,wel
2011-04-11T05:38:10.830Z,-36.582,177.278,268.1,4.8,m,91,156.6,,,us,usp000hzq4,2014-11-07T01:44:31.253Z,"136 km ENE of Tairua, New Zealand",earthquake,,,,,reviewed,wel,wel
2012-04-01T04:06:10.970Z,-36.568,177.224,2.7,4.8,ml,27,205.8,,,us,usp000jh2x,2014-11-07T01:47:23.039Z,"132 km ENE of Tairua, New Zealand",earthquake,,,,,reviewed,wel,wel
1985-01-08T12:11:37.540Z,-36.566,178.31,33,4.8,mb,,,,1,us,usp0002ava,2014-11-07T00:36:00.988Z,"184 km NNE of Opotiki, New Zealand",earthquake,,,,1,reviewed,us,us
1997-03-03T02:35:51.640Z,-36.56,177.576,200,4.8,mb,,,,1,us,usp0007y5w,2014-11-07T01:02:16.163Z,"162 km ENE of Tairua, New Zealand",earthquake,,,,7,reviewed,us,us
1985-01-06T09:37:27.330Z,-36.544,177.711,33,4.8,mb,,,,1.1,us,usp0002asq,2014-11-07T00:36:00.321Z,"166 km NNE of Opotiki, New Zealand",earthquake,,,,4,reviewed,us,us
1997-02-02T08:58:48.910Z,-36.499,177.615,150,4.8,mb,,,,0.72,us,usp0007wnn,2014-11-07T01:02:04.254Z,"167 km ENE of Tairua, New Zealand",earthquake,,,,4,reviewed,us,us
1985-01-13T18:05:06.060Z,-36.498,177.81,33,4.8,mb,,,,0.7,us,usp0002b09,2014-11-07T00:36:01.722Z,"174 km NNE of Opotiki, New Zealand",earthquake,,,,2,reviewed,us,us
1997-03-03T00:44:13.440Z,-36.407,178.355,33,4.8,mb,,,,0.76,us,usp0007y5p,2014-11-07T01:02:16.070Z,"201 km NNE of Opotiki, New Zealand",earthquake,,,,5,reviewed,us,us
1985-01-14T04:46:42.680Z,-36.401,177.653,33,4.8,mb,,,,0.6,us,usp0002b0s,2014-11-07T00:36:01.802Z,"174 km ENE of Tairua, New Zealand",earthquake,,,,3,reviewed,us,us
1997-03-02T06:12:10.980Z,-36.233,176.971,33,4.8,mb,,,,1.46,us,usp0007y45,2014-11-07T01:02:15.584Z,"131 km ENE of Whitianga, New Zealand",earthquake,,,,3,reviewed,us,us
2017-07-24T15:04:43.280Z,-36.0566,178.7455,76.66,4.8,mb,,159,1.543,0.58,us,us2000a0f7,2017-10-14T00:19:38.040Z,"252 km NNE of Opotiki, New Zealand",earthquake,12.9,11.2,0.175,10,reviewed,us,us
1987-07-03T06:50:57.220Z,-35.949,178.618,33,4.8,mb,,,,0.8,us,usp000369b,2014-11-07T00:40:37.214Z,"257 km NNE of Opotiki, New Zealand",earthquake,,,,3,reviewed,us,us
2004-01-02T19:48:56.200Z,-35.93,178.24,33,4.8,mb,24,134.8,,,us,usp000cgwe,2014-11-07T01:20:56.801Z,"245 km ENE of Tairua, New Zealand",earthquake,,,,1,reviewed,wel,us
1998-09-21T03:20:41.820Z,-35.891,178.994,100,4.8,mb,,,,1.37,us,usp0008v9g,2014-11-07T01:06:04.831Z,"279 km NNE of Opotiki, New Zealand",earthquake,,,,8,reviewed,us,us
1981-08-23T18:07:04.250Z,-35.67,178.251,164.4,4.8,mb,,,,1,us,usp0001ff3,2014-11-07T00:29:57.549Z,"262 km NE of Tairua, New Zealand",earthquake,,15.2,,3,reviewed,us,us
2012-03-10T18:26:25.430Z,-35.528,178.797,226.4,4.8,mb,147,139.8,,,us,usp000jg22,2014-11-07T01:47:13.437Z,off the east coast of the North Island of New Zealand,earthquake,,,,29,reviewed,wel,us
2019-06-02T22:46:30.879Z,-36.9327,178.0701,92.33,4.7,mb,,118,0.656,0.74,us,us70003xqe,2019-08-24T21:17:51.040Z,"138 km NNE of Opotiki, New Zealand",earthquake,10.6,7.8,0.147,14,reviewed,us,us
2011-06-18T11:34:38.330Z,-36.908,178.142,181.5,4.7,m,48,318.2,,,us,usp000j3cg,2014-11-07T01:45:06.857Z,"143 km NNE of Opotiki, New Zealand",earthquake,,,,,reviewed,wel,wel
2007-04-12T22:00:13.840Z,-36.857,177.68,159,4.7,mb,77,149.6,,,us,usp000f9jg,2014-11-07T01:32:11.216Z,"132 km NNE of Opotiki, New Zealand",earthquake,,,,5,reviewed,wel,us
1997-03-01T13:58:39.720Z,-36.749,177.346,33,4.7,mb,,,,1.72,us,usp0007y30,2014-11-07T01:02:15.075Z,"136 km ENE of Tairua, New Zealand",earthquake,,,,3,reviewed,us,us
1997-03-04T07:26:50.340Z,-36.695,178.192,33,4.7,mb,,,,0.6,us,usp0007y8c,2014-11-07T01:02:16.915Z,"166 km NNE of Opotiki, New Zealand",earthquake,,,,5,reviewed,us,us
2012-04-07T22:14:19.040Z,-36.573,177.203,12,4.7,ml,35,204.9,,,us,usp000jhcn,2014-11-07T01:47:27.023Z,"130 km ENE of Tairua, New Zealand",earthquake,,,,,reviewed,wel,wel
2012-04-01T04:24:40.450Z,-36.563,177.236,5,4.7,ml,23,215.7,,,us,usp000jh2y,2014-11-07T01:47:23.123Z,"133 km ENE of Tairua, New Zealand",earthquake,,,,,reviewed,wel,wel
2010-01-25T07:11:36.800Z,-36.553,178.611,174.8,4.7,m,61,147.2,,,us,usp000h6kj,2014-11-07T01:40:34.001Z,"199 km NE of Opotiki, New Zealand",earthquake,,,,,reviewed,wel,wel
1978-01-25T17:01:25.400Z,-36.473,178.329,71,4.7,mb,,,,,us,usp0000spt,2014-11-06T23:21:46.721Z,"193 km NNE of Opotiki, New Zealand",earthquake,,,,,reviewed,us,us
1995-10-29T14:04:46.380Z,-36.19,177.733,160.6,4.7,mb,,,,1,us,usp00075yh,2014-11-07T00:59:02.064Z,"191 km ENE of Tairua, New Zealand",earthquake,,26.1,,7,reviewed,us,us
2010-01-17T23:32:34.110Z,-36.105,177.969,216,4.7,m,84,179.2,,,us,usp000h691,2014-11-07T01:40:29.833Z,"214 km ENE of Tairua, New Zealand",earthquake,,,,,reviewed,wel,wel
2007-03-17T22:08:34.000Z,-36.1,178.67,208,4.7,mb,21,165.8,,,us,usp000f6wc,2014-11-07T01:31:53.236Z,"244 km NNE of Opotiki, New Zealand",earthquake,,,,3,reviewed,wel,us
2003-10-01T02:00:30.530Z,-36.04,177.524,200,4.7,mb,15,103.8,,1.25,us,usp000c971,2014-11-07T01:20:03.980Z,"184 km NE of Tairua, New Zealand",earthquake,,,,2,reviewed,us,us
1992-05-20T19:28:34.680Z,-36.038,178.493,235.4,4.7,mb,,,,1,us,usp00057se,2014-11-07T00:50:40.062Z,"243 km NNE of Opotiki, New Zealand",earthquake,,9.3,,3,reviewed,us,us
1988-10-02T22:55:04.710Z,-35.976,178.136,182.5,4.7,mb,,,,0.7,us,usp0003mfm,2014-11-07T00:42:55.126Z,"235 km ENE of Tairua, New Zealand",earthquake,,11.2,,4,reviewed,us,us
2019-08-04T14:55:48.235Z,-35.9647,178.8295,46.96,4.7,mb,,158,1.648,0.58,us,us600050kn,2019-10-19T21:42:10.040Z,"265 km NNE of Opotiki, New Zealand",earthquake,12.7,9.8,0.138,16,reviewed,us,us
2006-03-12T07:03:25.000Z,-35.93,177.98,219,4.7,m,12,197,,,us,usp000ec02,2014-11-07T01:28:30.973Z,"225 km ENE of Tairua, New Zealand",earthquake,,,,,reviewed,wel,wel
1990-09-07T22:16:11.410Z,-35.821,178.84,134.5,4.7,mb,,,,0.8,us,usp0004ee7,2014-11-07T00:47:05.599Z,"279 km NNE of Opotiki, New Zealand",earthquake,,34.8,,2,reviewed,us,us
1997-05-09T05:55:38.530Z,-35.809,178.08,100,4.7,mb,,,,1.41,us,usp00081yy,2014-11-07T01:02:45.450Z,"240 km NE of Tairua, New Zealand",earthquake,,,,4,reviewed,us,us
2008-12-01T07:44:04.970Z,-35.803,179.006,33,4.7,ml,10,205.3,,,us,usp000gpr6,2014-11-07T01:37:51.178Z,"288 km NNE of Opotiki, New Zealand",earthquake,,,,,reviewed,wel,wel
1995-08-09T07:17:45.630Z,-35.79,178.104,212.7,4.7,mb,,,,1.4,us,usp00071mz,2014-11-07T00:58:30.552Z,"243 km NE of Tairua, New Zealand",earthquake,,14.2,,15,reviewed,us,us
1991-02-27T14:00:42.650Z,-35.654,178.722,33,4.7,mb,,,,1.4,us,usp0004nfy,2014-11-07T00:48:05.568Z,"291 km NNE of Opotiki, New Zealand",earthquake,,,,1,reviewed,us,us
2010-11-21T22:22:10.850Z,-35.57,178.882,211.8,4.7,mb,58,182.6,,,us,usp000hpy8,2014-11-07T01:42:56.976Z,off the east coast of the North Island of New Zealand,earthquake,,,,10,reviewed,wel,us
2002-04-13T06:54:53.000Z,-36.8,177.48,33,4.6,ml,24,,,,us,usp000b2ac,2014-11-07T01:15:24.531Z,"135 km N of Opotiki, New Zealand",earthquake,,,,,reviewed,wel,wel
1997-03-10T14:07:06.100Z,-36.742,177.663,33,4.6,mb,,,,1.33,us,usp0007ymh,2014-11-07T01:02:18.957Z,"144 km NNE of Opotiki, New Zealand",earthquake,,,,6,reviewed,us,us
2019-03-19T08:14:56.436Z,-36.7228,177.2965,10,4.6,mb,,125,1.163,1.16,us,us1000jidx,2019-06-06T18:54:02.040Z,"133 km ENE of Tairua, New Zealand",earthquake,7.2,1.9,0.182,9,reviewed,us,us
1997-03-06T06:01:27.210Z,-36.656,177.721,33,4.6,mb,,,,1,us,usp0007ych,2014-11-07T01:02:18.064Z,"155 km NNE of Opotiki, New Zealand",earthquake,,,,6,reviewed,us,us
2007-10-14T19:59:41.100Z,-36.65,177.15,12,4.6,mb,17,208.5,,,us,usp000fqjk,2014-11-07T01:33:55.944Z,"122 km ENE of Tairua, New Zealand",earthquake,,,,1,reviewed,wel,us
1983-09-29T17:35:54.750Z,-36.647,177.588,105,4.6,mb,,,,0.7,us,usp0001yr6,2014-11-07T00:33:51.919Z,"153 km N of Opotiki, New Zealand",earthquake,,13.6,,1,reviewed,us,us
1997-03-05T16:00:03.390Z,-36.638,177.632,33,4.6,mb,,,,0.91,us,usp0007yb4,2014-11-07T01:02:17.835Z,"155 km NNE of Opotiki, New Zealand",earthquake,,,,3,reviewed,us,us
1997-03-02T14:34:28.770Z,-36.566,177.322,300,4.6,mb,,,,0.97,us,usp0007y4q,2014-11-07T01:02:15.725Z,"140 km ENE of Tairua, New Zealand",earthquake,,,,12,reviewed,us,us
1992-02-26T13:38:08.850Z,-36.528,177.7,263.5,4.6,mb,,,,1,us,usp00053hg,2014-11-07T00:50:08.469Z,"168 km NNE of Opotiki, New Zealand",earthquake,,9.6,,1,reviewed,us,us
1997-03-02T20:07:25.590Z,-36.426,177.5,300,4.6,mb,,,,1.32,us,usp0007y5a,2014-11-07T01:02:16.005Z,"161 km ENE of Tairua, New Zealand",earthquake,,,,8,reviewed,us,us
2011-10-16T10:48:45.210Z,-36.414,177.363,11.9,4.6,mb,62,56.8,,,us,usp000j9dz,2014-11-07T01:46:07.181Z,"150 km ENE of Tairua, New Zealand",earthquake,,,,12,reviewed,wel,us
2010-09-05T12:18:20.810Z,-36.355,177.623,242.6,4.6,m,55,262,,,us,usp000hk9q,2014-11-07T01:42:24.188Z,"174 km ENE of Tairua, New Zealand",earthquake,,,,,reviewed,wel,wel
2019-06-03T03:08:29.325Z,-36.2988,177.6069,236.92,4.6,mb,,69,1.38,1.29,us,us70003ukh,2019-08-24T21:17:52.040Z,"176 km ENE of Tairua, New Zealand",earthquake,10.3,5.6,0.109,25,reviewed,us,us
1999-04-17T15:06:26.750Z,-36.275,177.973,150,4.6,mb,,,,1.04,us,usp00096fq,2014-11-07T01:07:28.867Z,"201 km NNE of Opotiki, New Zealand",earthquake,,,,1,reviewed,us,us
2005-08-05T20:25:15.300Z,-36.24,177.63,245,4.6,m,9,310.9,,,us,usp000dwrw,2014-11-07T01:26:44.775Z,"181 km ENE of Tairua, New Zealand",earthquake,,,,,reviewed,wel,wel
2004-11-11T14:54:00.600Z,-36.17,178.13,179,4.6,mb,74,111.7,,,us,usp000d84y,2014-11-07T01:23:58.990Z,"217 km NNE of Opotiki, New Zealand",earthquake,,,,1,reviewed,wel,us
1997-05-04T11:43:45.590Z,-36.075,178.041,100,4.6,mb,,,,0.72,us,usp00081re,2014-11-07T01:02:43.987Z,"222 km ENE of Tairua, New Zealand",earthquake,,,,3,reviewed,us,us
2003-07-15T21:39:50.050Z,-35.989,178.12,305.9,4.6,mb,22,133.8,,1.39,us,usp000c2kk,2014-11-07T01:19:12.886Z,"233 km ENE of Tairua, New Zealand",earthquake,,14.8,,1,reviewed,us,us
2011-10-17T12:43:14.320Z,-35.889,178.92,115.3,4.6,m,65,173,,,us,usp000j9fd,2014-11-07T01:46:07.513Z,off the east coast of the North Island of New Zealand,earthquake,,,,,reviewed,wel,wel
2004-08-26T20:00:43.070Z,-35.886,178.943,227.5,4.6,mb,51,149.5,,1.23,us,usp000d2x9,2014-11-07T01:23:16.075Z,"277 km NNE of Opotiki, New Zealand",earthquake,,8.3,,12,reviewed,us,us
2005-05-16T02:38:27.100Z,-35.78,178.34,201,4.6,m,35,206.5,,,us,usp000dqxp,2014-11-07T01:25:54.895Z,"262 km ENE of Tairua, New Zealand",earthquake,,,,,reviewed,wel,wel
2007-01-05T14:46:00.520Z,-35.701,178.941,251.1,4.6,mb,54,165.6,,0.99,us,usp000f1ru,2014-11-07T01:31:18.817Z,"295 km NNE of Opotiki, New Zealand",earthquake,,6.7,,11,reviewed,us,us
2020-08-23T09:26:09.254Z,-35.6317,178.3576,192.21,4.6,mb,,79,1.927,1.24,us,us6000bjci,2020-10-31T19:06:19.040Z,"272 km NE of Tairua, New Zealand",earthquake,9.3,7.7,0.103,28,reviewed,us,us
1990-09-08T01:42:24.840Z,-35.62,178.265,93.7,4.6,mb,,,,0.6,us,usp0004eef,2014-11-07T00:47:05.622Z,"266 km NE of Tairua, New Zealand",earthquake,,14.1,,4,reviewed,us,us
2007-05-30T17:57:20.900Z,-35.61,178.26,207,4.6,m,33,204.5,,,us,usp000fd1x,2014-11-07T01:32:33.564Z,"266 km NE of Tairua, New Zealand",earthquake,,,,,reviewed,wel,wel
2008-02-07T08:17:49.600Z,-35.6,178.83,220,4.6,mb,44,135.6,,,us,usp000fyc4,2014-11-07T01:34:54.630Z,off the east coast of the North Island of New Zealand,earthquake,,,,1,reviewed,wel,us
2013-08-25T16:41:25.680Z,-35.4762,178.3876,259.07,4.6,mb,,123,2.084,1.25,us,usb000jbnq,2013-10-25T20:10:07.000Z,"284 km ENE of Whitianga, New Zealand",earthquake,,4.3,0.165,,reviewed,us,us
2003-04-18T15:24:54.000Z,-36.95,177.62,159,4.5,mb,45,129.6,,,us,usp000bvft,2014-11-07T01:18:22.054Z,"121 km NNE of Opotiki, New Zealand",earthquake,,,,4,reviewed,wel,us
2021-06-21T05:02:05.798Z,-36.8317,177.9852,81.55,4.5,mb,,136,0.773,0.58,us,us6000eppi,2021-08-27T18:58:01.040Z,"144 km NNE of Opotiki, New Zealand",earthquake,8.8,9.9,0.145,14,reviewed,us,us
2011-04-08T22:30:04.400Z,-36.819,177.393,169.8,4.5,m,28,223.2,,,us,usp000hzjw,2014-11-07T01:44:30.546Z,"131 km NNE of Whakatane, New Zealand",earthquake,,,,,reviewed,wel,wel
2013-01-07T16:22:23.370Z,-36.767,177.617,182.1,4.5,mb,21,161.7,,1.72,us,usp000jy17,2014-11-07T01:49:47.476Z,"140 km NNE of Opotiki, New Zealand",earthquake,,12.2,,4,reviewed,us,us
2010-07-15T12:07:05.100Z,-36.687,177.546,170.7,4.5,m,60,238.4,,,us,usp000hfam,2014-11-07T01:41:53.389Z,"148 km N of Opotiki, New Zealand",earthquake,,,,,reviewed,wel,wel
2000-05-14T08:56:39.000Z,-36.68,177.38,12,4.5,ml,,,,,us,usp0009sxf,2014-11-07T01:10:07.953Z,"141 km ENE of Tairua, New Zealand",earthquake,,,,,reviewed,wel,wel
2007-06-14T04:49:22.500Z,-36.67,178.42,106,4.5,m,45,201,,,us,usp000fdzh,2014-11-07T01:32:42.207Z,"179 km NNE of Opotiki, New Zealand",earthquake,,,,,reviewed,wel,wel
1984-12-30T08:32:06.410Z,-36.63,177.752,33,4.5,mb,,,,0.6,us,usp0002aj8,2014-11-07T00:35:55.070Z,"158 km NNE of Opotiki, New Zealand",earthquake,,,,2,reviewed,us,us
1998-08-15T10:40:57.810Z,-36.606,178.195,272.5,4.5,mb,,,,0.63,us,usp0008ta1,2014-11-07T01:05:49.101Z,"175 km NNE of Opotiki, New Zealand",earthquake,,8.3,,11,reviewed,us,us
2003-06-28T13:25:23.790Z,-36.594,178.648,229,4.5,mb,24,213,,0.87,us,usp000c15s,2014-11-07T01:19:00.517Z,"198 km NE of Opotiki, New Zealand",earthquake,,10,,2,reviewed,us,us
2010-03-10T19:14:04.410Z,-36.545,177.205,207.4,4.5,m,26,166.3,,,us,usp000h93a,2014-11-07T01:40:58.287Z,"131 km ENE of Tairua, New Zealand",earthquake,,,,,reviewed,wel,wel
2012-06-15T21:14:49.030Z,-36.506,177.583,195.7,4.5,mb,109,166.3,,,us,usp000jmth,2014-11-07T01:48:05.739Z,"164 km ENE of Tairua, New Zealand",earthquake,,,,4,reviewed,wel,us
2004-01-21T05:58:25.900Z,-36.43,178.3,140,4.5,mb,34,259,,,us,usp000cjcu,2014-11-07T01:21:06.509Z,"196 km NNE of Opotiki, New Zealand",earthquake,,,,1,reviewed,wel,us
2010-04-28T14:10:26.910Z,-36.407,178.243,139.6,4.5,m,75,203.7,,,us,usp000hc0x,2014-11-07T01:41:20.786Z,"197 km NNE of Opotiki, New Zealand",earthquake,,,,,reviewed,wel,wel
2002-09-20T09:10:43.600Z,-36.4,178.89,12,4.5,ml,10,,,,us,usp000bcpz,2014-11-07T01:16:32.920Z,"228 km NE of Opotiki, New Zealand",earthquake,,,,,reviewed,wel,wel
2005-07-01T00:43:24.900Z,-36.39,177.86,235,4.5,m,36,308.3,,,us,usp000du91,2014-11-07T01:26:20.068Z,"186 km NNE of Opotiki, New Zealand",earthquake,,,,,reviewed,wel,wel
2008-02-06T02:48:34.200Z,-36.29,177.86,217,4.5,m,26,303.4,,,us,usp000fy9a,2014-11-07T01:34:54.276Z,"196 km ENE of Tairua, New Zealand",earthquake,,,,,reviewed,wel,wel
2010-06-26T09:52:13.270Z,-36.265,178.068,170.8,4.5,m,73,276.6,,,us,usp000hejc,2014-11-07T01:41:44.445Z,"205 km NNE of Opotiki, New Zealand",earthquake,,,,,reviewed,wel,wel
1997-03-01T20:41:58.000Z,-36.256,177.88,33,4.5,mb,,,,0.51,us,usp0007y3h,2014-11-07T01:02:15.252Z,"200 km ENE of Tairua, New Zealand",earthquake,,,,5,reviewed,us,us
2012-03-05T12:29:03.550Z,-36.256,178.677,106.1,4.5,ml,87,255.7,,,us,usp000jfty,2014-11-07T01:47:11.674Z,"230 km NNE of Opotiki, New Zealand",earthquake,,,,,reviewed,wel,wel
2010-01-31T08:36:25.590Z,-36.246,178.607,113.8,4.5,m,28,291,,,us,usp000h6ts,2014-11-07T01:40:35.557Z,"228 km NNE of Opotiki, New Zealand",earthquake,,,,,reviewed,wel,wel
2004-01-10T10:55:06.400Z,-36.24,177.47,12,4.5,ml,15,137.7,,,us,usp000chk6,2014-11-07T01:21:01.457Z,"168 km ENE of Tairua, New Zealand",earthquake,,,,,reviewed,wel,wel
2006-02-20T17:14:49.200Z,-36.2,179.08,6,4.5,ml,7,306.7,,,us,usp000eaey,2014-11-07T01:28:20.443Z,"256 km NE of Opotiki, New Zealand",earthquake,,,,,reviewed,wel,wel
2009-05-07T22:21:27.420Z,-36.124,177.273,269.9,4.5,m,54,293.4,,,us,usp000gwx6,2014-11-07T01:38:55.707Z,"161 km NE of Tairua, New Zealand",earthquake,,,,,reviewed,wel,wel
2008-03-28T07:33:38.900Z,-36.07,178.98,114,4.5,m,44,149.1,,,us,usp000g2hs,2014-11-07T01:35:20.151Z,"262 km NE of Opotiki, New Zealand",earthquake,,,,,reviewed,wel,wel
2017-12-07T18:58:59.920Z,-36.0535,177.8143,10,4.5,mb,,259,2.497,0.75,us,us2000c4ew,2018-02-28T02:32:31.040Z,"205 km ENE of Tairua, New Zealand",earthquake,10.7,2,0.22,6,reviewed,us,us
2012-08-08T04:13:19.210Z,-36.012,178.913,164.3,4.5,ml,25,299,,,us,usp000jq1b,2014-11-07T01:48:31.813Z,"264 km NNE of Opotiki, New Zealand",earthquake,,,,,reviewed,wel,wel
2015-08-05T18:45:49.400Z,-35.9674,178.0814,192.83,4.5,mb,,200,1.602,0.82,us,us1000340j,2015-10-30T02:47:51.040Z,"231 km ENE of Tairua, New Zealand",earthquake,11.2,7.3,0.14,15,reviewed,us,us
2017-12-07T19:29:04.810Z,-35.9428,178.4263,10,4.5,mb,,259,1.619,0.9,us,us2000c1r1,2018-02-28T02:32:31.040Z,"250 km NNE of Opotiki, New Zealand",earthquake,8.1,2,0.171,10,reviewed,us,us
1995-02-14T00:51:16.940Z,-35.899,179.024,33,4.5,mb,,,,0.7,us,usp0006sx1,2014-11-07T00:57:19.816Z,"280 km NNE of Opotiki, New Zealand",earthquake,,,,5,reviewed,us,us
1994-02-04T12:34:20.220Z,-35.887,178.921,253.8,4.5,mb,,,,1.1,us,usp000680z,2014-11-07T00:54:56.562Z,"276 km NNE of Opotiki, New Zealand",earthquake,,8,,4,reviewed,us,us
2008-12-29T01:05:11.480Z,-35.861,178.662,181.4,4.5,m,46,296.4,,,us,usp000grrd,2014-11-07T01:38:03.925Z,"268 km NNE of Opotiki, New Zealand",earthquake,,,,,reviewed,wel,wel
2008-04-26T21:31:50.360Z,-35.856,178.469,234.2,4.5,m,36,264.1,,,us,usp000g4xq,2014-11-07T01:35:44.090Z,"261 km NNE of Opotiki, New Zealand",earthquake,,,,,reviewed,wel,wel
2011-08-16T19:42:14.910Z,-35.824,178.494,213.3,4.5,m,55,264.7,,,us,usp000j6je,2014-11-07T01:45:37.430Z,"265 km NNE of Opotiki, New Zealand",earthquake,,,,,reviewed,wel,wel
2006-12-06T02:23:37.600Z,-35.79,178.45,160,4.5,m,26,322.7,,,us,usp000ezmd,2014-11-07T01:31:05.468Z,"267 km NNE of Opotiki, New Zealand",earthquake,,,,,reviewed,wel,wel
2012-02-09T14:56:22.950Z,-35.777,178.34,220.9,4.5,ml,81,167.8,,,us,usp000jer2,2014-11-07T01:46:59.743Z,"262 km ENE of Tairua, New Zealand",earthquake,,,,,reviewed,wel,wel
2009-04-20T11:54:33.730Z,-35.757,178.517,225.1,4.5,mb,87,89.4,,,us,usp000gwd6,2014-11-07T01:38:48.631Z,"272 km NNE of Opotiki, New Zealand",earthquake,,,,3,reviewed,wel,us
2007-04-30T11:35:07.100Z,-35.65,177.79,33,4.5,ml,9,268.5,,,us,usp000faxq,2014-11-07T01:32:18.625Z,"229 km NE of Whitianga, New Zealand",earthquake,,,,,reviewed,wel,wel
2005-07-23T22:43:50.800Z,-35.57,178.82,221,4.5,m,20,270.4,,,us,usp000dvs5,2014-11-07T01:26:32.185Z,off the east coast of the North Island of New Zealand,earthquake,,,,,reviewed,wel,wel
2015-09-22T18:54:43.890Z,-35.5642,178.1778,10,4.5,mb,,111,2.822,1.29,us,us10003ld6,2015-12-21T23:16:32.040Z,"263 km ENE of Whitianga, New Zealand",earthquake,10.2,1.9,0.241,7,reviewed,us,us
2016-02-08T06:17:45.810Z,-35.5299,178.6307,24.74,4.5,mb,,136,2.045,0.59,us,us20004yny,2016-04-19T01:33:24.040Z,"299 km NE of Tairua, New Zealand",earthquake,7.7,7.5,0.156,12,reviewed,us,us
1993-07-25T05:24:29.280Z,-35.416,178.688,33,4.5,mb,,,,0.9,us,usp0005xb9,2014-11-07T00:53:33.642Z,off the east coast of the North Island of New Zealand,earthquake,,,,2,reviewed,us,us
2006-09-06T19:53:54.820Z,-35.402,178.534,10,4.5,mb,9,205.3,,0.41,us,usp000eskf,2014-11-07T01:30:10.436Z,off the east coast of the North Island of New Zealand,earthquake,,,,3,reviewed,us,us
1997-02-28T20:29:39.850Z,-36.945,178.162,100,4.4,mb,,,,1.37,us,usp0007y12,2014-11-07T01:02:12.260Z,"141 km NNE of Opotiki, New Zealand",earthquake,,,,5,reviewed,us,us
1995-08-05T21:52:09.430Z,-36.933,178.064,100,4.4,mb,,,,0.4,us,usp00071g9,2014-11-07T00:58:29.659Z,"137 km NNE of Opotiki, New Zealand",earthquake,,,,5,reviewed,us,us
2006-01-22T02:40:57.600Z,-36.92,177.83,168,4.4,m,8,227.6,,,us,usp000e8n0,2014-11-07T01:28:08.189Z,"130 km NNE of Opotiki, New Zealand",earthquake,,,,,reviewed,wel,wel
2009-05-29T15:03:59.980Z,-36.917,177.662,147.3,4.4,m,66,226,,,us,usp000gxna,2014-11-07T01:39:01.838Z,"125 km NNE of Opotiki, New Zealand",earthquake,,,,,reviewed,wel,wel
2002-12-20T03:47:14.200Z,-36.91,177.66,187,4.4,mb,28,,,,us,usp000bm10,2014-11-07T01:17:22.850Z,off the east coast of the North Island of New Zealand,earthquake,,,,2,reviewed,wel,us
2002-04-13T11:46:54.700Z,-36.81,177.34,21,4.4,ml,19,,,,us,usp000b2au,2014-11-07T01:15:24.570Z,"131 km NNE of Whakatane, New Zealand",earthquake,,,,,reviewed,wel,wel
1992-03-03T07:03:12.440Z,-36.788,178.018,249.3,4.4,mb,,,,0.9,us,usp00053td,2014-11-07T00:50:13.371Z,"150 km NNE of Opotiki, New Zealand",earthquake,,5.8,,3,reviewed,us,us
2005-03-29T12:42:39.300Z,-36.77,177.64,178,4.4,mb,35,220,,,us,usp000dkgf,2014-11-07T01:25:21.211Z,"141 km NNE of Opotiki, New Zealand",earthquake,,,,1,reviewed,wel,us
2004-05-25T02:12:55.500Z,-36.75,177.67,180,4.4,mb,41,228.1,,,us,usp000cw4z,2014-11-07T01:22:23.923Z,"143 km NNE of Opotiki, New Zealand",earthquake,,,,1,reviewed,wel,us
2012-01-07T17:14:36.530Z,-36.697,177.863,117.6,4.4,ml,79,166.8,,,us,usp000jd67,2014-11-07T01:46:44.605Z,"154 km NNE of Opotiki, New Zealand",earthquake,,,,,reviewed,wel,wel
2021-03-04T14:12:56.235Z,-36.6896,178.739,10,4.4,mb,,129,0.937,1.14,us,us7000dhvf,2021-05-13T22:43:51.040Z,"194 km NE of Opotiki, New Zealand",earthquake,7,2,0.179,9,reviewed,us,us
2004-12-11T23:18:48.200Z,-36.65,178.41,81,4.4,ml,20,319.3,,,us,usp000dagh,2014-11-07T01:24:15.923Z,"180 km NNE of Opotiki, New Zealand",earthquake,,,,,reviewed,wel,wel
2008-01-12T03:05:22.700Z,-36.61,177.11,252,4.4,m,26,213.1,,,us,usp000fwh6,2014-11-07T01:34:40.747Z,"121 km ENE of Tairua, New Zealand",earthquake,,,,,reviewed,wel,wel
1997-03-02T16:23:36.290Z,-36.594,177.417,300,4.4,mb,,,,0.98,us,usp0007y4s,2014-11-07T01:02:15.737Z,"147 km ENE of Tairua, New Zealand",earthquake,,,,8,reviewed,us,us
2008-06-22T15:03:39.200Z,-36.58,177.95,161,4.4,mb,42,179.9,,,us,usp000gaar,2014-11-07T01:36:25.011Z,"169 km NNE of Opotiki, New Zealand",earthquake,,,,1,reviewed,wel,us
2012-02-13T03:39:01.790Z,-36.539,177.723,158.3,4.4,mb,77,166.7,,,us,usp000jevs,2014-11-07T01:47:00.676Z,"167 km NNE of Opotiki, New Zealand",earthquake,,,,2,reviewed,wel,us
2001-10-21T01:17:43.770Z,-36.479,178.998,10,4.4,mb,14,,,1.26,us,usp000araq,2014-11-07T01:14:01.214Z,"227 km NE of Opotiki, New Zealand",earthquake,,,,3,reviewed,us,us
2009-06-04T13:27:56.690Z,-36.466,177.702,25.5,4.4,mb,41,113,,,us,usp000gxv2,2014-11-07T01:39:06.552Z,"175 km NNE of Opotiki, New Zealand",earthquake,,,,1,reviewed,wel,us
2013-10-24T03:31:29.450Z,-36.4653,179.0478,109.06,4.4,mb,,,,0.99,us,usc000km2x,2014-01-03T00:32:52.000Z,"231 km NE of Opotiki, New Zealand",earthquake,,7.7,0.22,,reviewed,wel,us
2009-02-14T23:29:50.840Z,-36.4,177.113,262.2,4.4,m,55,283.2,,,us,usp000gtz8,2014-11-07T01:38:24.096Z,"131 km ENE of Tairua, New Zealand",earthquake,,,,,reviewed,wel,wel
2010-04-05T18:52:11.460Z,-36.337,177.308,274.7,4.4,m,66,288.7,,,us,usp000hamj,2014-11-07T01:41:12.646Z,"150 km ENE of Tairua, New Zealand",earthquake,,,,,reviewed,wel,wel
2006-08-20T14:10:38.700Z,-36.3,178.87,21,4.4,ml,32,221,,,us,usp000ercs,2014-11-07T01:30:00.175Z,"236 km NE of Opotiki, New Zealand",earthquake,,,,,reviewed,wel,wel
2004-01-02T19:32:38.790Z,-36.222,177.692,10,4.4,mb,8,206.2,,0.8,us,usp000cgwc,2014-11-07T01:20:56.796Z,"186 km ENE of Tairua, New Zealand",earthquake,,,,1,reviewed,us,us
2009-06-02T21:03:48.490Z,-36.187,177.868,8.6,4.4,ml,14,249.7,,,us,usp000gxtj,2014-11-07T01:39:05.966Z,"202 km ENE of Tairua, New Zealand",earthquake,,,,,reviewed,wel,wel
2005-06-26T06:00:01.600Z,-36.17,178.52,140,4.4,m,21,291.4,,,us,usp000dtxp,2014-11-07T01:26:17.555Z,"231 km NNE of Opotiki, New Zealand",earthquake,,,,,reviewed,wel,wel
2002-05-23T07:09:21.600Z,-36.13,178.56,242,4.4,mb,43,,,,us,usp000b4tz,2014-11-07T01:15:39.259Z,"237 km NNE of Opotiki, New Zealand",earthquake,,,,2,reviewed,wel,us
2020-11-30T04:34:30.718Z,-36.1235,177.7945,213.08,4.4,mb,,161,1.493,0.97,us,us7000cml0,2021-02-06T18:29:42.040Z,"200 km ENE of Tairua, New Zealand",earthquake,14.4,8,0.143,14,reviewed,us,us
2008-03-01T01:23:20.100Z,-36.08,177.66,218,4.4,m,17,309.2,,,us,usp000g0b6,2014-11-07T01:35:07.384Z,"192 km ENE of Tairua, New Zealand",earthquake,,,,,reviewed,wel,wel
2009-12-08T09:41:48.250Z,-36.06,178.158,185.8,4.4,m,65,263.9,,,us,usp000h4vj,2014-11-07T01:40:15.042Z,"229 km NNE of Opotiki, New Zealand",earthquake,,,,,reviewed,wel,wel
2010-04-12T16:46:28.420Z,-36.037,178.038,95.3,4.4,ml,10,250.6,,,us,usp000hb9b,2014-11-07T01:41:15.655Z,"224 km ENE of Tairua, New Zealand",earthquake,,,,,reviewed,wel,wel
1997-03-01T03:41:46.730Z,-36.03,177.684,100,4.4,mb,,,,0.68,us,usp0007y1t,2014-11-07T01:02:14.175Z,"197 km NE of Tairua, New Zealand",earthquake,,,,2,reviewed,us,us
2011-07-10T17:08:57.900Z,-35.986,177.759,184.2,4.4,m,50,312.4,,,us,usp000j4jh,2014-11-07T01:45:20.099Z,"205 km NE of Tairua, New Zealand",earthquake,,,,,reviewed,wel,wel
2005-08-04T02:26:36.400Z,-35.96,177.79,236,4.4,m,11,318.9,,,us,usp000dwmh,2014-11-07T01:26:43.579Z,"209 km NE of Tairua, New Zealand",earthquake,,,,,reviewed,wel,wel
2005-10-26T22:41:56.700Z,-35.94,178.27,218,4.4,m,21,324.9,,,us,usp000e2wq,2014-11-07T01:27:29.395Z,"245 km NNE of Opotiki, New Zealand",earthquake,,,,,reviewed,wel,wel
2011-05-28T05:48:45.630Z,-35.894,178.482,208.8,4.4,m,52,207.2,,,us,usp000j2b6,2014-11-07T01:44:55.746Z,"257 km NNE of Opotiki, New Zealand",earthquake,,,,,reviewed,wel,wel
2008-03-22T14:32:28.000Z,-35.89,178.62,192,4.4,m,36,325.2,,,us,usp000g227,2014-11-07T01:35:17.795Z,"263 km NNE of Opotiki, New Zealand",earthquake,,,,,reviewed,wel,wel
2010-08-09T06:14:18.200Z,-35.855,178.499,193,4.4,m,48,300.9,,,us,usp000hht3,2014-11-07T01:42:12.362Z,"262 km NNE of Opotiki, New Zealand",earthquake,,,,,reviewed,wel,wel
2020-04-28T03:19:59.926Z,-35.8208,178.0543,180.2,4.4,mb,,76,1.749,0.63,us,us60009dpi,2020-07-11T22:19:14.040Z,"238 km NE of Tairua, New Zealand",earthquake,11.9,6.9,0.135,16,reviewed,us,us
2020-05-21T19:34:18.385Z,-35.7774,178.1686,127.36,4.4,mb,,148,1.784,0.83,us,us6000a1p3,2020-08-08T18:17:34.040Z,"249 km NE of Tairua, New Zealand",earthquake,11.7,9.7,0.19,8,reviewed,us,us
2009-10-01T06:22:12.200Z,-35.767,178.104,202.8,4.4,m,52,295.3,,,us,usp000h24x,2014-11-07T01:39:49.354Z,"245 km NE of Tairua, New Zealand",earthquake,,,,,reviewed,wel,wel
2011-01-08T11:51:35.580Z,-35.738,178.514,228.3,4.4,m,68,321.2,,,us,usp000hsrg,2014-11-07T01:43:23.763Z,"274 km NNE of Opotiki, New Zealand",earthquake,,,,,reviewed,wel,wel
2007-12-23T00:31:11.360Z,-35.734,178.822,211.5,4.4,m,26,260.2,,,us,usp000fv1v,2014-11-07T01:34:28.238Z,"287 km NNE of Opotiki, New Zealand",earthquake,,,,,reviewed,wel,wel
2001-08-25T07:50:49.780Z,-35.628,178.616,35,4.4,mb,7,,,0.8,us,usp000an0q,2014-11-07T01:13:36.579Z,"289 km NNE of Opotiki, New Zealand",earthquake,,,,3,reviewed,us,us
1993-02-01T01:22:35.050Z,-35.622,178.099,287.5,4.4,mb,,,,0.8,us,usp0005mg6,2014-11-07T00:52:19.097Z,"254 km ENE of Whitianga, New Zealand",earthquake,,10.5,,2,reviewed,us,us
2010-07-30T14:49:31.020Z,-35.588,178.033,247,4.4,m,52,315.7,,,us,usp000hh5x,2014-11-07T01:42:04.791Z,"251 km NE of Whitianga, New Zealand",earthquake,,,,,reviewed,wel,wel
1998-05-08T12:51:52.420Z,-35.51,177.273,200,4.4,mb,,,,1.3,us,usp0008mpd,2014-11-07T01:05:11.454Z,"203 km NE of Whitianga, New Zealand",earthquake,,,,11,reviewed,us,us
2008-07-03T06:04:32.350Z,-35.435,178.654,176.1,4.4,m,26,326.7,,,us,usp000gb71,2014-11-07T01:36:33.372Z,off the east coast of the North Island of New Zealand,earthquake,,,,,reviewed,wel,wel
2019-06-20T21:14:31.074Z,-35.4302,178.4552,10,4.4,mb,,145,2.131,0.94,us,us700046qd,2019-09-11T15:19:22.040Z,"292 km ENE of Whitianga, New Zealand",earthquake,12.4,2,0.162,14,reviewed,us,us
2006-05-31T05:45:54.700Z,-36.92,177.6,155,4.3,m,39,216.9,,,us,usp000ejbx,2014-11-07T01:29:13.202Z,"124 km NNE of Opotiki, New Zealand",earthquake,,,,,reviewed,wel,wel
2020-11-10T01:28:15.189Z,-36.8949,177.6779,147.84,4.3,mb,,170,0.834,0.73,us,us7000ceh3,2021-01-23T22:25:46.040Z,"128 km NNE of Opotiki, New Zealand",earthquake,9.8,5.8,0.148,13,reviewed,us,us
2014-05-06T09:50:22.200Z,-36.8167,177.6362,189,4.3,mb,,161,0.916,1.17,us,usb000r5cb,2014-07-27T21:51:25.000Z,"135 km NNE of Opotiki, New Zealand",earthquake,,7.8,0.169,10,reviewed,us,us
2011-09-03T15:52:17.600Z,-36.809,178.444,122.5,4.3,m,90,270.5,,,us,usp000j7hq,2014-11-07T01:45:49.733Z,"168 km NE of Opotiki, New Zealand",earthquake,,,,,reviewed,wel,wel
2009-07-02T23:36:14.860Z,-36.806,177.452,5,4.3,ml,43,165.2,,,us,usp000gyvy,2014-11-07T01:39:16.116Z,"134 km N of Opotiki, New Zealand",earthquake,,,,,reviewed,wel,wel
2002-10-16T04:26:05.400Z,-36.69,177.4,192,4.3,mb,51,,,,us,usp000benr,2014-11-07T01:16:45.721Z,"142 km ENE of Tairua, New Zealand",earthquake,,,,3,reviewed,wel,us
2008-04-01T00:42:54.800Z,-36.65,178.46,154,4.3,mb,33,123.2,,,us,usp000g2uv,2014-11-07T01:35:24.730Z,"183 km NE of Opotiki, New Zealand",earthquake,,,,3,reviewed,wel,us
2002-11-21T01:28:40.200Z,-36.64,177.23,33,4.3,ml,8,,,,us,usp000bj32,2014-11-07T01:17:09.829Z,"130 km ENE of Tairua, New Zealand",earthquake,,,,,reviewed,wel,wel
2016-09-01T18:07:27.030Z,-36.6348,178.899,10,4.3,mb,,285,1.039,0.65,us,us10006k4j,2016-11-29T01:28:50.040Z,"208 km NE of Opotiki, New Zealand",earthquake,14.9,2,0.266,4,reviewed,us,us
2012-06-12T13:49:46.310Z,-36.618,178.802,77.9,4.3,ml,53,316.4,,,us,usp000jmp3,2014-11-07T01:48:03.661Z,"204 km NE of Opotiki, New Zealand",earthquake,,,,,reviewed,wel,wel
2007-10-19T23:36:51.200Z,-36.57,177.71,157,4.3,m,23,232.9,,,us,usp000fqxe,2014-11-07T01:33:57.825Z,"164 km NNE of Opotiki, New Zealand",earthquake,,,,,reviewed,wel,wel
2009-11-11T23:37:39.270Z,-36.561,178.59,82.2,4.3,ml,30,284.3,,,us,usp000h3yx,2014-11-07T01:40:06.008Z,"197 km NE of Opotiki, New Zealand",earthquake,,,,,reviewed,wel,wel
1992-02-17T18:27:29.550Z,-36.553,177.264,310.4,4.3,mb,,,,0.9,us,usp000536f,2014-11-07T00:50:06.654Z,"136 km ENE of Tairua, New Zealand",earthquake,,8.2,,2,reviewed,us,us
2011-03-11T22:43:17.750Z,-36.547,177.73,154.9,4.3,m,71,280,,,us,usp000hw4t,2014-11-07T01:43:59.744Z,"166 km NNE of Opotiki, New Zealand",earthquake,,,,,reviewed,wel,wel
2013-10-21T06:22:13.900Z,-36.532,178.572,79.53,4.3,mb,,,,1.53,us,usb000kx5f,2013-12-30T23:41:16.000Z,"199 km NE of Opotiki, New Zealand",earthquake,,7.2,0.201,,reviewed,wel,us
2017-08-09T18:16:51.670Z,-36.5269,177.3531,10,4.3,mb,,208,1.284,0.87,us,us2000a83e,2017-10-25T00:38:05.040Z,"144 km ENE of Tairua, New Zealand",earthquake,9.2,1.4,0.216,6,reviewed,us,us
1984-12-30T20:07:03.280Z,-36.525,177.564,26.2,4.3,mb,,,,1.5,us,usp0002ajm,2014-11-07T00:35:55.095Z,"162 km ENE of Tairua, New Zealand",earthquake,,6.4,,1,reviewed,us,us
2015-02-28T14:18:23.700Z,-36.4685,177.4756,14.67,4.3,mb,,147,1.278,1.21,us,usc000ttzz,2015-05-19T00:29:14.040Z,"157 km ENE of Tairua, New Zealand",earthquake,6.5,7,0.2,7,reviewed,us,us
2005-05-27T04:23:13.700Z,-36.46,177.87,208,4.3,m,5,327.7,,,us,usp000drne,2014-11-07T01:25:58.522Z,"179 km NNE of Opotiki, New Zealand",earthquake,,,,,reviewed,wel,wel
2012-06-05T23:35:38.640Z,-36.382,177.946,159.5,4.3,mb,102,191.9,,,us,usp000jmd8,2014-11-07T01:48:01.128Z,"189 km NNE of Opotiki, New Zealand",earthquake,,,,1,reviewed,wel,us
2017-05-21T11:06:29.390Z,-36.3331,177.9421,124.67,4.3,mb,,163,1.261,0.29,us,us10008vhk,2017-08-10T01:33:57.040Z,"194 km NNE of Opotiki, New Zealand",earthquake,17.5,10.6,0.217,6,reviewed,us,us
2009-11-09T08:04:46.500Z,-36.275,177.864,211,4.3,mb,95,89.3,,,us,usp000h3wc,2014-11-07T01:40:05.533Z,"198 km ENE of Tairua, New Zealand",earthquake,,,,3,reviewed,wel,us
2008-02-16T18:31:42.300Z,-36.27,177.62,219,4.3,m,21,304.6,,,us,usp000fz28,2014-11-07T01:34:57.918Z,off the east coast of the North Island of New Zealand,earthquake,,,,,reviewed,wel,wel
2000-06-23T00:48:55.590Z,-36.267,178.589,125.8,4.3,mb,19,,,0.78,us,usp0009uzu,2014-11-07T01:10:24.223Z,"225 km NNE of Opotiki, New Zealand",earthquake,,13.6,,4,reviewed,us,us
2012-01-15T13:20:51.820Z,-36.26,177.471,33,4.3,ml,24,179.6,,,us,usp000jdhn,2014-11-07T01:46:47.306Z,"167 km ENE of Tairua, New Zealand",earthquake,,,,,reviewed,wel,wel
2009-06-04T11:06:47.010Z,-36.229,177.918,12,4.3,ml,27,129.2,,,us,usp000gxuy,2014-11-07T01:39:06.530Z,"204 km ENE of Tairua, New Zealand",earthquake,,,,,reviewed,wel,wel
2015-04-02T11:26:51.470Z,-36.1942,178.1115,219.7,4.3,mb,,,,0.79,us,us10001t3e,2015-06-16T01:00:23.040Z,"214 km NNE of Opotiki, New Zealand",earthquake,10.5,5.8,0.148,13,reviewed,wel,us
2010-08-31T09:37:45.980Z,-36.162,177.96,205.3,4.3,m,38,314.3,,,us,usp000hjzf,2014-11-07T01:42:18.999Z,"211 km ENE of Tairua, New Zealand",earthquake,,,,,reviewed,wel,wel
2007-10-13T01:09:38.500Z,-36.12,177.78,212,4.3,m,16,242.8,,,us,usp000fqe6,2014-11-07T01:33:55.256Z,"199 km ENE of Tairua, New Zealand",earthquake,,,,,reviewed,wel,wel
1996-09-24T07:49:39.920Z,-36.116,178.688,200,4.3,mb,,,,1.09,us,usp0007qdf,2014-11-07T01:01:12.961Z,"244 km NNE of Opotiki, New Zealand",earthquake,,,,2,reviewed,us,us
2010-10-05T03:44:33.400Z,-36.111,178.648,147.3,4.3,mb,115,168.4,,,us,usp000hmmh,2014-11-07T01:42:39.016Z,"242 km NNE of Opotiki, New Zealand",earthquake,,,,2,reviewed,wel,us
2013-05-11T09:19:49.040Z,-36.094,178.299,217.7,4.3,mb,21,135,,1.44,us,usp000k0nj,2014-11-07T01:50:47.185Z,"230 km NNE of Opotiki, New Zealand",earthquake,,10.1,,3,reviewed,us,us
2006-05-31T18:59:22.700Z,-36.04,178.44,216,4.3,m,33,315.9,,,us,usp000ejd2,2014-11-07T01:29:13.332Z,"241 km NNE of Opotiki, New Zealand",earthquake,,,,,reviewed,wel,wel
2011-09-26T19:53:43.540Z,-36.009,177.563,217,4.3,m,37,299.2,,,us,usp000j8kr,2014-11-07T01:45:57.363Z,"189 km NE of Tairua, New Zealand",earthquake,,,,,reviewed,wel,wel
1992-05-02T08:45:03.710Z,-36.009,178.595,256,4.3,mb,,,,1.1,us,usp00056tm,2014-11-07T00:50:33.850Z,"250 km NNE of Opotiki, New Zealand",earthquake,,8.7,,2,reviewed,us,us
2014-10-11T20:08:20.020Z,-35.9803,178.9915,91.94,4.3,mb,,175,1.672,0.91,us,usb000sl4v,2015-01-06T23:49:51.040Z,"271 km NNE of Opotiki, New Zealand",earthquake,8.7,8.4,0.142,16,reviewed,us,us
2005-01-04T00:42:22.500Z,-35.97,178.34,186,4.3,mb,35,205,,,us,usp000dcgs,2014-11-07T01:24:33.674Z,"244 km NNE of Opotiki, New Zealand",earthquake,,,,1,reviewed,wel,us
2014-09-21T12:35:58.180Z,-35.96,178.19,5,4.3,mb,,,,0.78,us,usb000shra,2014-12-19T00:05:24.040Z,"240 km ENE of Tairua, New Zealand",earthquake,11.6,7.3,0.217,7,reviewed,wel,us
2008-02-24T09:23:33.800Z,-35.93,178.99,104,4.3,m,28,303.2,,,us,usp000fzud,2014-11-07T01:35:03.026Z,"276 km NNE of Opotiki, New Zealand",earthquake,,,,,reviewed,wel,wel
1997-03-01T21:55:56.980Z,-35.928,178.01,33,4.3,mb,,,,0.33,us,usp0007y3n,2014-11-07T01:02:15.285Z,"228 km ENE of Tairua, New Zealand",earthquake,,,,2,reviewed,us,us
2014-10-29T13:28:34.480Z,-35.9205,178.626,10,4.3,mb,,128,1.658,0.52,us,usb000srcm,2015-01-20T09:03:00.040Z,"260 km NNE of Opotiki, New Zealand",earthquake,11,1.9,0.188,11,reviewed,us,us
2004-05-08T06:13:18.900Z,-35.919,178.969,255.2,4.3,mb,19,199.8,,1.12,us,usp000cue9,2014-11-07T01:22:15.839Z,"276 km NNE of Opotiki, New Zealand",earthquake,,17.8,,2,reviewed,us,us
2011-07-11T03:09:40.520Z,-35.908,178.05,37.4,4.3,mb,15,128.8,,,us,usp000j4ks,2014-11-07T01:45:20.261Z,"232 km ENE of Tairua, New Zealand",earthquake,,,,1,reviewed,wel,us
2007-06-07T20:45:02.800Z,-35.87,178.32,213,4.3,mb,13,260,,,us,usp000fdk8,2014-11-07T01:32:40.151Z,"254 km NNE of Opotiki, New Zealand",earthquake,,,,1,reviewed,wel,us
2018-05-31T17:21:01.550Z,-35.8161,178.0083,210.59,4.3,mb,,246,1.759,0.57,us,us1000ej3b,2018-08-28T16:29:19.040Z,"234 km NE of Tairua, New Zealand",earthquake,15.6,13.1,0.201,7,reviewed,us,us
1988-11-22T11:20:57.540Z,-35.769,178.564,239.9,4.3,mb,,,,1.5,us,usp0003p35,2014-11-07T00:43:08.490Z,"273 km NNE of Opotiki, New Zealand",earthquake,,16.4,,2,reviewed,us,us
2012-02-14T04:13:54.420Z,-35.738,178.325,199.1,4.3,ml,23,327.1,,,us,usp000jex5,2014-11-07T01:47:01.055Z,"263 km ENE of Tairua, New Zealand",earthquake,,,,,reviewed,wel,wel
2016-05-09T19:12:27.750Z,-35.6237,178.0989,273.89,4.3,mb,,146,1.942,0.97,us,us10005g5h,2016-07-20T18:10:51.040Z,"254 km ENE of Whitianga, New Zealand",earthquake,11,2.8,0.103,27,reviewed,us,us
2010-09-09T13:13:45.970Z,-35.591,178.045,5,4.3,mb,6,259.8,,,us,usp000hkgm,2014-11-07T01:42:25.893Z,"251 km NE of Whitianga, New Zealand",earthquake,,,,2,reviewed,wel,us
2007-10-27T08:07:19.100Z,-35.45,178.39,0,4.3,ml,8,269.8,,,us,usp000frc9,2014-11-07T01:33:59.917Z,"286 km ENE of Whitianga, New Zealand",earthquake,,,,,reviewed,wel,wel
2009-01-24T22:11:02.310Z,-35.429,178.621,205.5,4.3,m,28,332.5,,,us,usp000gt2k,2014-11-07T01:38:14.929Z,off the east coast of the North Island of New Zealand,earthquake,,,,,reviewed,wel,wel
2020-11-20T07:58:42.866Z,-35.4245,178.5402,174.96,4.3,mb,,214,2.141,0.47,us,us6000cs10,2021-02-03T17:50:09.040Z,"299 km NE of Tairua, New Zealand",earthquake,13.5,12.3,0.168,10,reviewed,us,us
2007-09-06T23:06:28.400Z,-35.38,178.54,245,4.3,m,32,325.5,,,us,usp000fmkb,2014-11-07T01:33:31.206Z,off the east coast of the North Island of New Zealand,earthquake,,,,,reviewed,wel,wel
2019-12-07T22:33:02.733Z,-35.361,178.5748,203.32,4.3,mb,,170,2.207,0.88,us,us60006nqs,2020-02-29T19:52:56.040Z,off the east coast of the North Island of New Zealand,earthquake,11.7,7.2,0.133,16,reviewed,us,us
1995-08-26T11:45:48.140Z,-35.354,178.274,276.1,4.3,mb,,,,1.1,us,usp00072fp,2014-11-07T00:58:35.837Z,"284 km NE of Whitianga, New Zealand",earthquake,,15.7,,10,reviewed,us,us
2011-01-07T02:58:19.170Z,-35.336,178.129,231.1,4.3,m,24,323.8,,,us,usp000hspf,2014-11-07T01:43:22.774Z,"274 km NE of Whitianga, New Zealand",earthquake,,,,,reviewed,wel,wel
2006-01-30T17:02:43.900Z,-36.97,177.68,114,4.2,m,27,222.6,,,us,usp000e956,2014-11-07T01:28:10.724Z,"120 km NNE of Opotiki, New Zealand",earthquake,,,,,reviewed,wel,wel
2006-12-08T19:49:22.700Z,-36.95,177.71,157,4.2,m,31,225.7,,,us,usp000ezty,2014-11-07T01:31:06.273Z,"123 km NNE of Opotiki, New Zealand",earthquake,,,,,reviewed,wel,wel
2010-06-03T15:49:46.020Z,-36.942,177.878,50,4.2,ml,75,214.9,,,us,usp000hdhu,2014-11-07T01:41:38.278Z,"129 km NNE of Opotiki, New Zealand",earthquake,,,,,reviewed,wel,wel
2005-03-29T20:19:43.300Z,-36.92,177.64,164,4.2,mb,25,218.5,,,us,usp000dkjt,2014-11-07T01:25:21.499Z,"124 km NNE of Opotiki, New Zealand",earthquake,,,,1,reviewed,wel,us
2006-07-21T06:11:15.400Z,-36.88,177.7,145,4.2,m,10,301.8,,,us,usp000ep84,2014-11-07T01:29:43.836Z,"130 km NNE of Opotiki, New Zealand",earthquake,,,,,reviewed,wel,wel
2016-11-30T13:02:50.500Z,-36.8748,177.9065,100.06,4.2,mb,,218,0.756,1.06,us,us20007yyz,2017-02-23T00:11:54.040Z,"137 km NNE of Opotiki, New Zealand",earthquake,10,11.6,0.187,8,reviewed,us,us
2006-08-06T04:43:51.700Z,-36.76,177.46,180,4.2,m,4,324,,,us,usp000eqb6,2014-11-07T01:29:54.757Z,"139 km N of Opotiki, New Zealand",earthquake,,,,,reviewed,wel,wel
2012-03-29T13:16:25.840Z,-36.701,178.815,5,4.2,mb,87,170.6,,,us,usp000jgy8,2014-11-07T01:47:20.285Z,"198 km NE of Opotiki, New Zealand",earthquake,,,,2,reviewed,wel,us
1999-03-08T01:02:41.850Z,-36.7,178.482,267.8,4.2,mb,,,,0.51,us,usp000941y,2014-11-07T01:07:11.809Z,"179 km NE of Opotiki, New Zealand",earthquake,,15.3,,2,reviewed,us,us
2010-04-26T03:31:17.140Z,-36.593,177.118,5,4.2,ml,10,210.6,,,us,usp000hbwv,2014-11-07T01:41:19.362Z,"122 km ENE of Tairua, New Zealand",earthquake,,,,,reviewed,wel,wel
2007-10-31T20:11:23.900Z,-36.59,177.17,5,4.2,ml,5,235.4,,,us,usp000frq5,2014-11-07T01:34:01.872Z,"126 km ENE of Tairua, New Zealand",earthquake,,,,,reviewed,wel,wel
2007-02-10T13:58:51.000Z,-36.54,177.74,202,4.2,m,30,310,,,us,usp000f4mk,2014-11-07T01:31:36.325Z,"167 km NNE of Opotiki, New Zealand",earthquake,,,,,reviewed,wel,wel
2009-01-16T14:33:26.250Z,-36.493,177.96,172.5,4.2,m,60,181.5,,,us,usp000gspq,2014-11-07T01:38:12.751Z,"178 km NNE of Opotiki, New Zealand",earthquake,,,,,reviewed,wel,wel
2003-09-15T04:10:36.400Z,-36.46,178.4,91,4.2,ml,16,319.6,,,us,usp000c7jx,2014-11-07T01:19:49.626Z,"198 km NNE of Opotiki, New Zealand",earthquake,,,,,reviewed,wel,wel
2010-08-12T21:42:31.950Z,-36.435,178.76,133.8,4.2,m,5,309.3,,,us,usp000hj0t,2014-11-07T01:42:13.761Z,off the east coast of the North Island of New Zealand,earthquake,,,,,reviewed,wel,wel
2007-10-22T20:08:23.600Z,-36.39,177.2,12,4.2,ml,4,250.3,,,us,usp000fr2u,2014-11-07T01:33:58.483Z,"139 km ENE of Tairua, New Zealand",earthquake,,,,,reviewed,wel,wel
2007-02-09T17:44:19.900Z,-36.36,178.62,101,4.2,m,21,324.4,,,us,usp000f4jx,2014-11-07T01:31:36.010Z,"217 km NNE of Opotiki, New Zealand",earthquake,,,,,reviewed,wel,wel
2009-06-28T11:56:08.480Z,-36.319,177.983,180.9,4.2,mb,44,231.8,,,us,usp000gyq2,2014-11-07T01:39:12.238Z,"197 km NNE of Opotiki, New Zealand",earthquake,,,,3,reviewed,wel,us
1992-06-14T05:48:55.050Z,-36.307,178.149,198.2,4.2,mb,,,,1.1,us,usp0005932,2014-11-07T00:50:49.840Z,"203 km NNE of Opotiki, New Zealand",earthquake,,10.5,,3,reviewed,us,us
2008-12-19T20:50:59.460Z,-36.29,177.78,184.8,4.2,mb,41,240.5,,,us,usp000gqza,2014-11-07T01:38:00.142Z,"190 km ENE of Tairua, New Zealand",earthquake,,,,2,reviewed,wel,us
2006-10-21T02:00:47.500Z,-36.14,177.9,195,4.2,m,14,212.7,,,us,usp000evnj,2014-11-07T01:30:36.522Z,"207 km ENE of Tairua, New Zealand",earthquake,,,,,reviewed,wel,wel
2004-01-30T11:54:57.100Z,-36.12,178.22,223,4.2,mb,40,259.3,,,us,usp000ck0v,2014-11-07T01:21:10.595Z,"225 km NNE of Opotiki, New Zealand",earthquake,,,,1,reviewed,wel,us
2009-10-13T10:32:17.990Z,-36.105,178.566,136.8,4.2,m,23,293.2,,,us,usp000h2vu,2014-11-07T01:39:55.580Z,"239 km NNE of Opotiki, New Zealand",earthquake,,,,,reviewed,wel,wel
1997-02-28T08:13:21.820Z,-36.004,178.836,33,4.2,mb,,,,0.28,us,usp0007xzq,2014-11-07T01:02:12.075Z,"261 km NNE of Opotiki, New Zealand",earthquake,,,,2,reviewed,us,us
1988-12-02T00:46:02.270Z,-35.993,179.085,106.2,4.2,mb,,,,0.7,us,usp0003ped,2014-11-07T00:43:12.970Z,"275 km NE of Opotiki, New Zealand",earthquake,,21.4,,1,reviewed,us,us
2005-03-22T19:20:07.400Z,-35.94,177.74,243,4.2,m,20,313,,,us,usp000dju7,2014-11-07T01:25:17.860Z,"207 km NE of Tairua, New Zealand",earthquake,,,,,reviewed,wel,wel
1999-06-25T19:11:33.060Z,-35.895,178.977,238,4.2,mb,,,,1.18,us,usp0009ahe,2014-11-07T01:07:56.958Z,"278 km NNE of Opotiki, New Zealand",earthquake,,17.7,,1,reviewed,us,us
2006-11-15T11:05:28.400Z,-35.88,178.5,222,4.2,m,19,264.8,,,us,usp000exfk,2014-11-07T01:30:49.328Z,"259 km NNE of Opotiki, New Zealand",earthquake,,,,,reviewed,wel,wel
2012-01-21T01:27:20.020Z,-35.782,178.391,132.8,4.2,ml,60,318.8,,,us,usp000jdsa,2014-11-07T01:46:48.951Z,"265 km ENE of Tairua, New Zealand",earthquake,,,,,reviewed,wel,wel
2018-12-25T02:11:11.760Z,-35.694,178.3627,186.47,4.2,mb,,194,1.865,0.84,us,us2000j31b,2019-03-05T17:46:32.040Z,"269 km NE of Tairua, New Zealand",earthquake,12.3,9.5,0.152,12,reviewed,us,us
2016-11-13T14:06:12.800Z,-35.677,178.563,10,4.2,mb,,160,1.892,0.63,us,us10007df1,2017-02-09T03:02:23.040Z,"282 km NNE of Opotiki, New Zealand",earthquake,11.7,2,0.199,9,reviewed,us,us
2015-06-26T19:17:16.640Z,-35.6442,178.2489,180.16,4.2,mb,,204,1.914,1.29,us,us20002wl3,2015-09-02T22:37:20.040Z,"263 km NE of Tairua, New Zealand",earthquake,12.5,10.2,0.236,6,reviewed,us,us
2007-11-14T12:41:24.900Z,-35.58,178.91,227,4.2,m,12,336.2,,,us,usp000fshc,2014-11-07T01:34:10.176Z,off the east coast of the North Island of New Zealand,earthquake,,,,,reviewed,wel,wel
2008-02-24T10:13:11.000Z,-35.51,178.51,100,4.2,m,10,260.2,,,us,usp000fzue,2014-11-07T01:35:03.029Z,"291 km NE of Tairua, New Zealand",earthquake,,,,,reviewed,wel,wel
2003-11-22T06:58:40.400Z,-35.43,178.3,283,4.2,mb,32,260.8,,,us,usp000cdn7,2014-11-07T01:20:32.527Z,"281 km NE of Whitianga, New Zealand",earthquake,,,,2,reviewed,wel,us
2011-07-20T06:29:36.300Z,-35.292,177.808,307.8,4.2,m,25,327.1,,,us,usp000j56w,2014-11-07T01:45:24.416Z,"255 km NE of Whitianga, New Zealand",earthquake,,,,,reviewed,wel,wel
2012-01-05T16:35:10.580Z,-36.957,178.402,30.6,4.1,ml,54,148.8,,,us,usp000jd2z,2014-11-07T01:46:43.774Z,"152 km NE of Opotiki, New Zealand",earthquake,,,,,reviewed,wel,wel
2006-08-15T16:01:44.000Z,-36.92,177.59,166,4.1,mb,61,165.5,,,us,usp000er0a,2014-11-07T01:29:58.329Z,"123 km NNE of Opotiki, New Zealand",earthquake,,,,1,reviewed,wel,us
2003-02-06T20:21:11.300Z,-36.9,178.34,94,4.1,ml,17,,,,us,usp000bq4a,2014-11-07T01:17:45.842Z,"154 km NE of Opotiki, New Zealand",earthquake,,,,,reviewed,wel,wel
1995-02-06T13:02:19.820Z,-36.811,178.528,33,4.1,mb,,,,1,us,usp0006sfy,2014-11-07T00:57:17.724Z,"172 km NE of Opotiki, New Zealand",earthquake,,,,6,reviewed,us,us
2006-06-04T12:43:05.300Z,-36.78,177.53,193,4.1,mb,77,158.1,,,us,usp000ejpd,2014-11-07T01:29:19.241Z,"138 km N of Opotiki, New Zealand",earthquake,,,,3,reviewed,wel,us
2007-07-08T07:27:48.000Z,-36.78,177.59,166,4.1,m,30,222.1,,,us,usp000ffr6,2014-11-07T01:32:55.470Z,"139 km N of Opotiki, New Zealand",earthquake,,,,,reviewed,wel,wel
2007-09-06T07:40:09.800Z,-36.76,177.57,180,4.1,m,33,234,,,us,usp000fmj1,2014-11-07T01:33:30.999Z,"140 km N of Opotiki, New Zealand",earthquake,,,,,reviewed,wel,wel
2010-08-26T03:28:32.270Z,-36.722,177.955,130.9,4.1,m,53,286.6,,,us,usp000hjsf,2014-11-07T01:42:17.973Z,"154 km NNE of Opotiki, New Zealand",earthquake,,,,,reviewed,wel,wel
2007-09-11T00:01:06.200Z,-36.69,177.3,215,4.1,m,24,284.8,,,us,usp000fmvm,2014-11-07T01:33:32.557Z,"134 km ENE of Tairua, New Zealand",earthquake,,,,,reviewed,wel,wel
1999-11-13T17:00:04.300Z,-36.68,177.41,338,4.1,mb,,,,,us,usp0009hhx,2014-11-07T01:08:57.871Z,"144 km ENE of Tairua, New Zealand",earthquake,,,,2,reviewed,wel,us
2006-10-09T10:37:59.600Z,-36.68,178.27,12,4.1,ml,6,270.8,,,us,usp000eusb,2014-11-07T01:30:31.580Z,"171 km NNE of Opotiki, New Zealand",earthquake,,,,,reviewed,wel,wel
2006-09-29T07:08:21.000Z,-36.67,178.08,159,4.1,m,8,322.4,,,us,usp000eu21,2014-11-07T01:30:20.316Z,"164 km NNE of Opotiki, New Zealand",earthquake,,,,,reviewed,wel,wel
2011-03-11T14:34:55.040Z,-36.652,177.275,182.3,4.1,m,78,275.2,,,us,usp000hvxh,2014-11-07T01:43:57.551Z,"133 km ENE of Tairua, New Zealand",earthquake,,,,,reviewed,wel,wel
2009-04-10T09:58:14.280Z,-36.646,177.703,177.5,4.1,m,62,274.7,,,us,usp000gvzy,2014-11-07T01:38:45.789Z,"155 km NNE of Opotiki, New Zealand",earthquake,,,,,reviewed,wel,wel
2006-08-24T15:46:51.100Z,-36.63,178.44,97,4.1,ml,20,264.6,,,us,usp000ernc,2014-11-07T01:30:01.244Z,off the east coast of the North Island of New Zealand,earthquake,,,,,reviewed,wel,wel
2012-05-28T19:55:15.420Z,-36.61,177.324,157.7,4.1,ml,42,288.4,,,us,usp000jm25,2014-11-07T01:47:54.463Z,"139 km ENE of Tairua, New Zealand",earthquake,,,,,reviewed,wel,wel
2011-05-05T15:41:01.470Z,-36.599,177.418,169.2,4.1,m,53,277.8,,,us,usp000j11p,2014-11-07T01:44:45.466Z,"147 km ENE of Tairua, New Zealand",earthquake,,,,,reviewed,wel,wel
2011-10-20T20:19:41.200Z,-36.598,177.867,157,4.1,m,8,309.9,,,us,usp000j9m7,2014-11-07T01:46:08.278Z,"164 km NNE of Opotiki, New Zealand",earthquake,,,,,reviewed,wel,wel
2009-12-31T09:00:09.820Z,-36.587,177.313,196.4,4.1,m,33,293.7,,,us,usp000h5j0,2014-11-07T01:40:20.390Z,"138 km ENE of Tairua, New Zealand",earthquake,,,,,reviewed,wel,wel
2001-05-08T14:05:27.300Z,-36.58,178.27,12,4.1,ml,21,,,,us,usp000aem7,2014-11-07T01:12:46.500Z,"180 km NNE of Opotiki, New Zealand",earthquake,,,,,reviewed,wel,wel
2019-07-08T10:18:23.147Z,-36.5761,177.5396,201.89,4.1,mb,,211,1.159,1.09,us,us70004n33,2019-09-26T14:31:11.040Z,"158 km ENE of Tairua, New Zealand",earthquake,12.2,12.1,0.173,9,reviewed,us,us
1992-03-30T05:57:56.610Z,-36.562,177.164,10,4.1,ml,,,,0.8,us,usp000551u,2014-11-07T00:50:20.057Z,"127 km ENE of Tairua, New Zealand",earthquake,,,,,reviewed,us,wel
2005-08-08T14:19:58.100Z,-36.56,177.32,282,4.1,mb,52,158.3,,,us,usp000dwye,2014-11-07T01:26:46.999Z,"140 km ENE of Tairua, New Zealand",earthquake,,,,1,reviewed,wel,us
2012-04-01T04:30:56.750Z,-36.553,177.192,5.9,4.1,ml,12,238.6,,,us,usp000jh2z,2014-11-07T01:47:23.222Z,"130 km ENE of Tairua, New Zealand",earthquake,,,,,reviewed,wel,wel
2004-07-21T23:58:24.800Z,-36.55,178.51,82,4.1,ml,18,311.4,,,us,usp000d0ne,2014-11-07T01:22:56.842Z,"194 km NNE of Opotiki, New Zealand",earthquake,,,,,reviewed,wel,wel
2005-01-18T18:07:41.600Z,-36.52,178.7,33,4.1,ml,8,275.9,,,us,usp000ddqa,2014-11-07T01:24:41.514Z,"207 km NE of Opotiki, New Zealand",earthquake,,,,,reviewed,wel,wel
2012-03-11T10:23:46.000Z,-36.486,177.611,140.6,4.1,ml,31,179.5,,,us,usp000jg37,2014-11-07T01:47:13.649Z,"167 km ENE of Tairua, New Zealand",earthquake,,,,,reviewed,wel,wel
2009-07-30T19:21:12.040Z,-36.458,177.906,80.9,4.1,mb,63,251.7,,,us,usp000gztr,2014-11-07T01:39:23.213Z,off the east coast of the North Island of New Zealand,earthquake,,,,1,reviewed,wel,us
2005-03-08T07:44:11.600Z,-36.43,177.41,283,4.1,m,13,298.4,,,us,usp000dht4,2014-11-07T01:25:12.524Z,"153 km ENE of Tairua, New Zealand",earthquake,,,,,reviewed,wel,wel
2005-04-06T09:41:32.200Z,-36.43,177.59,12,4.1,ml,15,224.1,,,us,usp000dmdr,2014-11-07T01:25:29.921Z,"168 km ENE of Tairua, New Zealand",earthquake,,,,,reviewed,wel,wel
2011-10-16T09:01:41.360Z,-36.408,177.266,5,4.1,ml,21,213.9,,,us,usp000j9dq,2014-11-07T01:46:07.099Z,"143 km ENE of Tairua, New Zealand",earthquake,,,,,reviewed,wel,wel
2008-08-16T12:31:58.790Z,-36.403,177.952,227.3,4.1,mb,13,188.9,,1.23,us,usp000getk,2014-11-07T01:36:55.306Z,"187 km NNE of Opotiki, New Zealand",earthquake,,9.9,,1,reviewed,us,us
2007-09-26T15:25:08.400Z,-36.4,177.89,187,4.1,m,24,308.3,,,us,usp000fp5j,2014-11-07T01:33:40.183Z,"186 km NNE of Opotiki, New Zealand",earthquake,,,,,reviewed,wel,wel
2005-06-17T05:08:03.100Z,-36.39,177.89,207,4.1,m,10,320.9,,,us,usp000dt8b,2014-11-07T01:26:14.488Z,"187 km NNE of Opotiki, New Zealand",earthquake,,,,,reviewed,wel,wel
2005-05-23T16:23:08.400Z,-36.35,177.7,247,4.1,m,14,314.2,,,us,usp000dret,2014-11-07T01:25:57.673Z,"181 km ENE of Tairua, New Zealand",earthquake,,,,,reviewed,wel,wel
2011-02-20T21:09:04.520Z,-36.34,177.347,23.8,4.1,mb,26,219,,,us,usp000hutp,2014-11-07T01:43:41.622Z,"153 km ENE of Tairua, New Zealand",earthquake,,,,3,reviewed,wel,us
2010-02-28T11:40:18.510Z,-36.278,177.778,208.8,4.1,m,49,298.2,,,us,usp000h86z,2014-11-07T01:40:48.476Z,"190 km ENE of Tairua, New Zealand",earthquake,,,,,reviewed,wel,wel
1997-03-02T06:17:13.750Z,-36.259,177.561,300,4.1,mb,,,,0.58,us,usp0007y46,2014-11-07T01:02:15.605Z,"174 km ENE of Tairua, New Zealand",earthquake,,,,2,reviewed,us,us
2010-02-16T14:18:40.670Z,-36.249,178.739,157.1,4.1,m,25,323.6,,,us,usp000h7c3,2014-11-07T01:40:42.821Z,"234 km NNE of Opotiki, New Zealand",earthquake,,,,,reviewed,wel,wel
2007-06-27T17:12:20.900Z,-36.21,177.96,213,4.1,m,7,322.9,,,us,usp000feza,2014-11-07T01:32:46.454Z,"208 km NNE of Opotiki, New Zealand",earthquake,,,,,reviewed,wel,wel
2007-03-13T22:08:02.600Z,-36.17,178.56,181,4.1,m,15,331,,,us,usp000f6np,2014-11-07T01:31:52.307Z,"233 km NNE of Opotiki, New Zealand",earthquake,,,,,reviewed,wel,wel
2018-09-28T10:57:11.220Z,-36.1511,178.4713,259.57,4.1,mb,,144,1.414,1.09,us,us1000h73e,2018-12-01T16:44:15.040Z,"231 km NNE of Opotiki, New Zealand",earthquake,12,9.4,0.234,5,reviewed,us,us
1992-11-04T15:19:07.920Z,-36.037,178.394,227.8,4.1,mb,,,,1,us,usp0005g9n,2014-11-07T00:51:48.417Z,"240 km NNE of Opotiki, New Zealand",earthquake,,10.4,,3,reviewed,us,us
2010-03-08T23:12:39.500Z,-36.018,177.527,209.1,4.1,mb,49,237,,,us,usp000h8ze,2014-11-07T01:40:57.698Z,"186 km NE of Tairua, New Zealand",earthquake,,,,1,reviewed,wel,us
2011-01-27T13:10:02.320Z,-36.001,177.838,213.2,4.1,m,54,313.4,,,us,usp000htqb,2014-11-07T01:43:30.475Z,"210 km ENE of Tairua, New Zealand",earthquake,,,,,reviewed,wel,wel
2005-09-20T16:33:37.800Z,-35.98,178.9,33,4.1,ml,18,301.2,,,us,usp000dztq,2014-11-07T01:27:06.587Z,"267 km NNE of Opotiki, New Zealand",earthquake,,,,,reviewed,wel,wel
1998-09-21T17:51:24.390Z,-35.923,179.086,300,4.1,mb,,,,0.63,us,usp0008vav,2014-11-07T01:06:05.162Z,"281 km NE of Opotiki, New Zealand",earthquake,,,,10,reviewed,us,us
2007-07-19T18:35:50.200Z,-35.91,177.92,237,4.1,m,13,317.2,,,us,usp000fgne,2014-11-07T01:33:00.788Z,"222 km NE of Tairua, New Zealand",earthquake,,,,,reviewed,wel,wel
2011-05-24T21:33:06.580Z,-35.872,178.111,188.2,4.1,m,15,328.7,,,us,usp000j25m,2014-11-07T01:44:54.943Z,"239 km ENE of Tairua, New Zealand",earthquake,,,,,reviewed,wel,wel
2005-04-03T15:22:19.700Z,-35.82,178.34,209,4.1,m,13,326.6,,,us,usp000dm43,2014-11-07T01:25:28.741Z,"259 km ENE of Tairua, New Zealand",earthquake,,,,,reviewed,wel,wel
2012-07-01T16:46:52.320Z,-35.79,177.68,221.8,4.1,ml,54,305.1,,,us,usp000jnfh,2014-11-07T01:48:13.932Z,"212 km ENE of Whitianga, New Zealand",earthquake,,,,,reviewed,wel,wel
2009-01-05T10:44:42.640Z,-35.783,178.56,227.4,4.1,m,46,299,,,us,usp000gs7b,2014-11-07T01:38:10.301Z,"271 km NNE of Opotiki, New Zealand",earthquake,,,,,reviewed,wel,wel
2005-11-18T10:32:33.700Z,-35.78,178.6,223,4.1,m,21,331.3,,,us,usp000e4ec,2014-11-07T01:27:40.492Z,"273 km NNE of Opotiki, New Zealand",earthquake,,,,,reviewed,wel,wel
2012-04-14T05:38:34.500Z,-35.778,178.555,195.3,4.1,ml,36,329.5,,,us,usp000jhxh,2014-11-07T01:47:31.165Z,"272 km NNE of Opotiki, New Zealand",earthquake,,,,,reviewed,wel,wel
2018-10-19T08:24:19.120Z,-35.7672,178.4994,189.67,4.1,mb,,185,1.798,1.43,us,us1000hgh6,2018-12-21T22:27:09.040Z,"271 km NNE of Opotiki, New Zealand",earthquake,13.7,7,0.185,8,reviewed,us,us
2008-01-04T00:17:11.100Z,-35.75,178.59,198,4.1,m,9,331.7,,,us,usp000fvxt,2014-11-07T01:34:36.307Z,"276 km NNE of Opotiki, New Zealand",earthquake,,,,,reviewed,wel,wel
2020-10-27T10:22:20.060Z,-35.7352,178.0489,189.26,4.1,mb,,252,1.835,0.21,us,us7000c82h,2021-01-09T20:05:42.040Z,"243 km NE of Tairua, New Zealand",earthquake,15.8,13.1,0.198,7,reviewed,us,us
2011-01-09T15:09:29.550Z,-35.659,178.122,196.4,4.1,m,31,321.6,,,us,usp000hsty,2014-11-07T01:43:24.489Z,"253 km NE of Tairua, New Zealand",earthquake,,,,,reviewed,wel,wel
2006-12-12T12:12:54.400Z,-35.6,178.19,252,4.1,m,10,331,,,us,usp000f02q,2014-11-07T01:31:07.710Z,"262 km ENE of Whitianga, New Zealand",earthquake,,,,,reviewed,wel,wel
2008-08-15T20:33:15.100Z,-35.6,178.78,226,4.1,m,12,138.6,,,us,usp000gerq,2014-11-07T01:36:54.330Z,"298 km NNE of Opotiki, New Zealand",earthquake,,,,,reviewed,wel,wel
1992-08-23T23:17:22.350Z,-35.571,178.396,33,4.1,ml,,,,1.5,us,usp0005cyr,2014-11-07T00:51:18.214Z,"279 km NE of Tairua, New Zealand",earthquake,,,,,reviewed,us,wel
2010-03-17T03:07:49.130Z,-35.53,178.007,204.4,4.1,m,18,326.1,,,us,usp000h9hg,2014-11-07T01:41:02.767Z,"252 km NE of Whitianga, New Zealand",earthquake,,,,,reviewed,wel,wel
2011-01-03T04:27:34.700Z,-35.447,178.316,217.9,4.1,m,27,266.1,,,us,usp000hsgg,2014-11-07T01:43:20.686Z,"281 km NE of Whitianga, New Zealand",earthquake,,,,,reviewed,wel,wel
2016-07-18T19:21:14.620Z,-35.4013,178.4221,211.39,4.1,mb,,197,2.158,0.42,us,us20006gr2,2016-09-17T01:27:50.040Z,"292 km NE of Whitianga, New Zealand",earthquake,13.8,10.3,0.158,11,reviewed,us,us
2010-03-19T08:43:56.480Z,-36.964,177.739,63.1,4,ml,74,226.1,,,us,usp000h9p7,2014-11-07T01:41:03.379Z,"122 km NNE of Opotiki, New Zealand",earthquake,,,,,reviewed,wel,wel
2011-02-03T18:01:01.040Z,-36.929,178.424,28.6,4,ml,35,196.4,,,us,usp000hu17,2014-11-07T01:43:36.523Z,"156 km NE of Opotiki, New Zealand",earthquake,,,,,reviewed,wel,wel
2003-10-10T19:15:30.500Z,-36.92,178.58,33,4,ml,10,267.3,,,us,usp000ca3h,2014-11-07T01:20:10.790Z,"166 km NE of Opotiki, New Zealand",earthquake,,,,,reviewed,wel,wel
2012-01-10T17:39:10.590Z,-36.88,177.817,130.5,4,ml,58,109.2,,,us,usp000jdak,2014-11-07T01:46:45.930Z,"133 km NNE of Opotiki, New Zealand",earthquake,,,,,reviewed,wel,wel
2001-09-09T09:11:00.500Z,-36.87,178.01,81,4,ml,12,,,,us,usp000anwb,2014-11-07T01:13:45.783Z,"141 km NNE of Opotiki, New Zealand",earthquake,,,,,reviewed,wel,wel
2002-04-07T18:25:13.100Z,-36.83,177.42,33,4,ml,8,,,,us,usp000b1y4,2014-11-07T01:15:22.256Z,"131 km NNE of Whakatane, New Zealand",earthquake,,,,,reviewed,wel,wel
2006-08-12T18:40:48.500Z,-36.77,177.4,195,4,m,24,298.6,,,us,usp000eqtq,2014-11-07T01:29:57.329Z,"136 km NNE of Whakatane, New Zealand",earthquake,,,,,reviewed,wel,wel
2005-10-24T14:45:02.700Z,-36.74,177.73,160,4,m,38,295.1,,,us,usp000e2r3,2014-11-07T01:27:28.484Z,"146 km NNE of Opotiki, New Zealand",earthquake,,,,,reviewed,wel,wel
2006-09-14T16:38:13.600Z,-36.7,177.63,160,4,m,25,240.4,,,us,usp000et34,2014-11-07T01:30:13.440Z,"148 km NNE of Opotiki, New Zealand",earthquake,,,,,reviewed,wel,wel
2005-02-27T20:59:32.100Z,-36.66,177.48,189,4,m,19,290.6,,,us,usp000dh46,2014-11-07T01:25:04.989Z,"150 km NNE of Whakatane, New Zealand",earthquake,,,,,reviewed,wel,wel
2008-07-26T00:46:09.400Z,-36.64,177.3,241,4,m,15,299.7,,,us,usp000gd59,2014-11-07T01:36:43.076Z,"135 km ENE of Tairua, New Zealand",earthquake,,,,,reviewed,wel,wel
2007-06-05T12:20:04.400Z,-36.63,177.49,197,4,m,18,291.5,,,us,usp000fde3,2014-11-07T01:32:39.504Z,"152 km ENE of Tairua, New Zealand",earthquake,,,,,reviewed,wel,wel
2012-03-14T01:32:48.650Z,-36.622,177.258,153.4,4,ml,63,280.6,,,us,usp000jg6q,2014-11-07T01:47:14.366Z,"133 km ENE of Tairua, New Zealand",earthquake,,,,,reviewed,wel,wel
2012-04-01T06:53:33.340Z,-36.591,177.168,5,4,ml,18,212.1,,,us,usp000jh39,2014-11-07T01:47:23.433Z,"126 km ENE of Tairua, New Zealand",earthquake,,,,,reviewed,wel,wel
2007-10-31T09:44:47.100Z,-36.57,177.18,5,4,ml,8,237.1,,,us,usp000frpd,2014-11-07T01:34:01.652Z,"128 km ENE of Tairua, New Zealand",earthquake,,,,,reviewed,wel,wel
1992-04-11T02:02:41.360Z,-36.545,178.759,168.9,4,mb,,,,1.4,us,usp00055md,2014-11-07T00:50:26.666Z,"208 km NE of Opotiki, New Zealand",earthquake,,12.2,,2,reviewed,us,us
1985-01-13T15:25:02.170Z,-36.537,177.418,33,4,mb,,,,1.1,us,usp0002b01,2014-11-07T00:36:01.705Z,"149 km ENE of Tairua, New Zealand",earthquake,,,,1,reviewed,us,us
2007-10-23T17:35:29.400Z,-36.49,177.18,5,4,ml,7,243,,,us,usp000fr48,2014-11-07T01:33:58.656Z,"132 km ENE of Tairua, New Zealand",earthquake,,,,,reviewed,wel,wel
2006-09-25T14:58:38.600Z,-36.49,177.49,242,4,m,18,310.1,,,us,usp000ett5,2014-11-07T01:30:16.623Z,"157 km ENE of Tairua, New Zealand",earthquake,,,,,reviewed,wel,wel
2005-01-17T16:58:59.600Z,-36.49,177.61,263,4,mb,20,168.8,,,us,usp000ddkt,2014-11-07T01:24:40.466Z,"167 km ENE of Tairua, New Zealand",earthquake,,,,3,reviewed,wel,us
2010-12-28T12:41:10.100Z,-36.489,177.339,204.9,4,m,27,306.6,,,us,usp000hs6t,2014-11-07T01:43:16.085Z,"145 km ENE of Tairua, New Zealand",earthquake,,,,,reviewed,wel,wel
1998-07-11T17:08:07.580Z,-36.426,177.51,300,4,mb,,,,1.02,us,usp0008rbf,2014-11-07T01:05:34.798Z,"162 km ENE of Tairua, New Zealand",earthquake,,,,7,reviewed,us,us
1977-11-22T02:55:24.500Z,-36.394,178.322,258,4,mb,,,,,us,usp0000rne,2014-11-06T23:21:45.365Z,"201 km NNE of Opotiki, New Zealand",earthquake,,,,,reviewed,us,us
2011-05-03T05:06:48.160Z,-36.384,178.568,174.4,4,m,21,327.1,,,us,usp000j0xv,2014-11-07T01:44:44.190Z,"213 km NNE of Opotiki, New Zealand",earthquake,,,,,reviewed,wel,wel
2011-03-14T08:16:52.220Z,-36.366,177.925,161.3,4,m,37,308.9,,,us,usp000hx43,2014-11-07T01:44:08.027Z,"190 km NNE of Opotiki, New Zealand",earthquake,,,,,reviewed,wel,wel
2006-03-20T09:36:32.700Z,-36.28,178.7,178,4,m,5,338.8,,,us,usp000echq,2014-11-07T01:28:33.587Z,"229 km NNE of Opotiki, New Zealand",earthquake,,,,,reviewed,wel,wel
2010-12-14T12:57:13.340Z,-36.267,177.745,209.8,4,m,50,308,,,us,usp000hqwx,2014-11-07T01:43:06.883Z,"188 km ENE of Tairua, New Zealand",earthquake,,,,,reviewed,wel,wel
2009-06-02T20:58:17.600Z,-36.267,177.791,6,4,mb,19,247.3,,,us,usp000gxth,2014-11-07T01:39:05.959Z,off the east coast of the North Island of New Zealand,earthquake,,,,2,reviewed,wel,us
2009-06-02T21:44:52.340Z,-36.256,177.801,3,4,mb,21,243.9,,,us,usp000gxtm,2014-11-07T01:39:05.993Z,"193 km ENE of Tairua, New Zealand",earthquake,,,,2,reviewed,wel,us
1992-02-22T02:15:46.030Z,-36.254,178.496,265.5,4,mb,,,,0.9,us,usp00053cd,2014-11-07T00:50:07.551Z,off the east coast of the North Island of New Zealand,earthquake,,9.5,,2,reviewed,us,us
2014-06-14T23:22:48.010Z,-36.2379,178.0188,246.406,4,mb,,,,0,us,usc000rmnu,2014-09-12T15:48:00.000Z,"207 km NNE of Opotiki, New Zealand",earthquake,,0,0.232,6,reviewed,wel,us
2012-03-18T16:41:16.380Z,-36.229,177.395,213.2,4,ml,34,306.3,,,us,usp000jget,2014-11-07T01:47:16.484Z,"163 km ENE of Tairua, New Zealand",earthquake,,,,,reviewed,wel,wel
2011-09-11T20:04:32.690Z,-36.213,177.741,182.2,4,m,25,316.9,,,us,usp000j7xh,2014-11-07T01:45:52.802Z,"191 km ENE of Tairua, New Zealand",earthquake,,,,,reviewed,wel,wel
2008-01-02T12:31:39.600Z,-36.21,178.97,174,4,m,25,299.3,,,us,usp000fvux,2014-11-07T01:34:35.704Z,"249 km NE of Opotiki, New Zealand",earthquake,,,,,reviewed,wel,wel
2006-09-17T02:44:59.000Z,-36.17,177.86,223,4,m,6,326.2,,,us,usp000et7y,2014-11-07T01:30:14.150Z,"202 km ENE of Tairua, New Zealand",earthquake,,,,,reviewed,wel,wel
2007-11-03T12:47:06.730Z,-36.132,178.375,167,4,m,19,289,,,us,usp000frwq,2014-11-07T01:34:06.604Z,"229 km NNE of Opotiki, New Zealand",earthquake,,,,,reviewed,wel,wel
2012-02-13T21:25:24.390Z,-36.116,177.791,194.3,4,ml,44,299.7,,,us,usp000jews,2014-11-07T01:47:00.946Z,"200 km ENE of Tairua, New Zealand",earthquake,,,,,reviewed,wel,wel
2012-03-23T22:51:29.580Z,-36.102,177.705,205.1,4,ml,28,309.8,,,us,usp000jgpn,2014-11-07T01:47:18.269Z,"194 km ENE of Tairua, New Zealand",earthquake,,,,,reviewed,wel,wel
2007-05-23T17:30:28.100Z,-36.1,177.88,208,4,m,13,319.1,,,us,usp000fck1,2014-11-07T01:32:31.110Z,off the east coast of the North Island of New Zealand,earthquake,,,,,reviewed,wel,wel
2005-03-04T02:20:09.300Z,-36.08,178.52,33,4,ml,7,330,,,us,usp000dhfq,2014-11-07T01:25:10.601Z,"240 km NNE of Opotiki, New Zealand",earthquake,,,,,reviewed,wel,wel
2007-04-23T10:13:20.700Z,-36.04,178.08,204,4,m,21,319.2,,,us,usp000fadc,2014-11-07T01:32:15.550Z,"227 km ENE of Tairua, New Zealand",earthquake,,,,,reviewed,wel,wel
2011-09-15T12:52:49.270Z,-36.012,178.093,199.3,4,m,61,311.4,,,us,usp000j833,2014-11-07T01:45:53.994Z,,earthquake,,,,,reviewed,wel,wel
2006-10-07T02:21:39.100Z,-35.83,178.04,263,4,m,6,333.2,,,us,usp000eumk,2014-11-07T01:30:30.866Z,off the east coast of the North Island of New Zealand,earthquake,,,,,reviewed,wel,wel
2004-09-06T05:37:49.100Z,-35.82,179.04,12,4,ml,11,334.8,,,us,usp000d3q5,2014-11-07T01:23:26.289Z,"288 km NNE of Opotiki, New Zealand",earthquake,,,,,reviewed,wel,wel
2012-02-02T02:55:42.610Z,-35.814,178.206,221.6,4,ml,11,324.9,,,us,usp000je9g,2014-11-07T01:46:55.699Z,"249 km ENE of Tairua, New Zealand",earthquake,,,,,reviewed,wel,wel
2006-03-07T06:38:11.400Z,-35.76,178.08,85,4,ml,5,334.5,,,us,usp000ebkr,2014-11-07T01:28:29.229Z,"243 km NE of Tairua, New Zealand",earthquake,,,,,reviewed,wel,wel
2010-08-20T13:25:58.000Z,-35.729,178.323,204.8,4,mb,33,244.9,,,us,usp000hjgz,2014-11-07T01:42:16.252Z,"263 km ENE of Tairua, New Zealand",earthquake,,,,1,reviewed,wel,us
2007-01-17T02:25:20.800Z,-35.64,178.43,209,4,m,6,339.8,,,us,usp000f2u6,2014-11-07T01:31:23.827Z,"277 km NE of Tairua, New Zealand",earthquake,,,,,reviewed,wel,wel
1994-06-11T23:00:01.350Z,-35.591,178.29,10,4,mb,,,,1.2,us,usp0006e46,2014-11-07T00:55:41.262Z,"270 km NE of Tairua, New Zealand",earthquake,,,,3,reviewed,us,us
2012-02-09T08:11:57.130Z,-35.454,178.671,212.9,4,ml,35,303.8,,,us,usp000jeqq,2014-11-07T01:46:59.653Z,off the east coast of the North Island of New Zealand,earthquake,,,,,reviewed,wel,wel
2011-01-13T07:46:20.090Z,-35.45,178.329,232.6,4,m,33,328.9,,,us,usp000ht0k,2014-11-07T01:43:25.942Z,"282 km ENE of Whitianga, New Zealand",earthquake,,,,,reviewed,wel,wel
2011-03-23T14:17:15.280Z,-35.443,177.588,316.2,4,m,15,290.4,,,us,usp000hyd1,2014-11-07T01:44:18.691Z,"229 km NE of Whitianga, New Zealand",earthquake,,,,,reviewed,wel,wel
2009-04-25T08:43:29.830Z,-35.413,178.26,233.3,4,m,22,328.2,,,us,usp000gwjm,2014-11-07T01:38:49.741Z,"279 km NE of Whitianga, New Zealand",earthquake,,,,,reviewed,wel,wel
2018-04-16T11:30:10.130Z,-35.4087,178.1711,217.72,4,mb,,257,2.152,0.67,us,us1000dpax,2018-07-17T02:05:27.040Z,"272 km NE of Whitianga, New Zealand",earthquake,13.2,13.7,0.232,5,reviewed,us,us
2008-04-06T05:29:31.500Z,-35.39,177.71,254,4,m,17,311.9,,,us,usp000g36y,2014-11-07T01:35:32.019Z,off the east coast of the North Island of New Zealand,earthquake,,,,,reviewed,wel,wel
2012-02-01T05:11:13.450Z,-35.31,178.396,215.3,4,ml,20,336.3,,,us,usp000je88,2014-11-07T01:46:54.780Z,"295 km NE of Whitianga, New Zealand",earthquake,,,,,reviewed,wel,wel
2006-09-19T01:28:26.600Z,-36.9,177.51,162,3.9,m,23,273.2,,,us,usp000etck,2014-11-07T01:30:15.045Z,"124 km N of Opotiki, New Zealand",earthquake,,,,,reviewed,wel,wel
2001-02-16T15:26:32.200Z,-36.88,177.92,91,3.9,ml,13,,,,us,usp000a9r7,2014-11-07T01:12:09.408Z,"137 km NNE of Opotiki, New Zealand",earthquake,,,,,reviewed,wel,wel
2006-08-12T22:24:45.500Z,-36.82,177.34,235,3.9,m,6,305.6,,,us,usp000equ1,2014-11-07T01:29:57.369Z,"130 km NNE of Whakatane, New Zealand",earthquake,,,,,reviewed,wel,wel
2007-09-04T10:39:50.100Z,-36.806,177.742,176.1,3.9,m,20,237.9,,,us,usp000fmdk,2014-11-07T01:33:30.347Z,"139 km NNE of Opotiki, New Zealand",earthquake,,,,,reviewed,wel,wel
2005-06-25T12:35:46.500Z,-36.77,178.17,33,3.9,ml,9,262.3,,,us,usp000dtvu,2014-11-07T01:26:17.391Z,"158 km NNE of Opotiki, New Zealand",earthquake,,,,,reviewed,wel,wel
2005-12-10T04:23:04.500Z,-36.75,177.34,203,3.9,m,23,283.3,,,us,usp000e5wf,2014-11-07T01:27:52.374Z,"136 km ENE of Tairua, New Zealand",earthquake,,,,,reviewed,wel,wel
2006-12-28T06:20:47.800Z,-36.71,177.71,125,3.9,m,16,296.6,,,us,usp000f162,2014-11-07T01:31:12.747Z,off the east coast of the North Island of New Zealand,earthquake,,,,,reviewed,wel,wel
1993-03-26T09:41:04.860Z,-36.69,177.217,275.9,3.9,mb,,,,0.9,us,usp0005q58,2014-11-07T00:52:39.104Z,"127 km ENE of Tairua, New Zealand",earthquake,,11.4,,1,reviewed,us,us
2007-11-12T18:28:24.400Z,-36.69,177.34,209,3.9,m,7,291.8,,,us,usp000fseb,2014-11-07T01:34:09.846Z,"137 km ENE of Tairua, New Zealand",earthquake,,,,,reviewed,wel,wel
2006-11-06T11:44:15.000Z,-36.68,178.57,65,3.9,ml,21,269.1,,,us,usp000ewra,2014-11-07T01:30:45.871Z,"186 km NE of Opotiki, New Zealand",earthquake,,,,,reviewed,wel,wel
1996-03-29T16:30:28.010Z,-36.668,177.237,33,3.9,mb,,,,0.8,us,usp0007ffv,2014-11-07T01:00:09.474Z,"129 km ENE of Tairua, New Zealand",earthquake,,,,6,reviewed,us,us
2007-10-28T04:29:37.800Z,-36.66,177.16,5,3.9,ml,7,229.6,,,us,usp000fren,2014-11-07T01:34:00.151Z,"123 km ENE of Tairua, New Zealand",earthquake,,,,,reviewed,wel,wel
2007-12-22T09:22:19.800Z,-36.611,178.124,12,3.9,ml,19,266.1,,,us,usp000fv08,2014-11-07T01:34:28.044Z,"171 km NNE of Opotiki, New Zealand",earthquake,,,,,reviewed,wel,wel
2004-06-16T12:47:30.100Z,-36.6,177.39,203,3.9,mb,20,290.3,,,us,usp000cy0u,2014-11-07T01:22:38.222Z,"144 km ENE of Tairua, New Zealand",earthquake,,,,1,reviewed,wel,us
1992-05-06T06:52:51.140Z,-36.585,177.437,10,3.9,ml,,,,0.8,us,usp00056za,2014-11-07T00:50:35.802Z,"149 km ENE of Tairua, New Zealand",earthquake,,,,,reviewed,us,wel
2005-03-16T21:31:06.400Z,-36.58,178.13,197,3.9,m,17,316.6,,,us,usp000djbg,2014-11-07T01:25:15.130Z,"175 km NNE of Opotiki, New Zealand",earthquake,,,,,reviewed,wel,wel
1995-12-07T19:32:49.500Z,-36.564,177.585,250,3.9,mb,,,,0.9,us,usp00078hy,2014-11-07T00:59:23.903Z,"162 km N of Opotiki, New Zealand",earthquake,,,,3,reviewed,us,us
2007-11-01T19:38:46.300Z,-36.56,177.22,26,3.9,ml,7,215.4,,,us,usp000frsv,2014-11-07T01:34:05.444Z,"132 km ENE of Tairua, New Zealand",earthquake,,,,,reviewed,wel,wel
2011-03-09T23:27:04.250Z,-36.543,177.371,194.1,3.9,mb,28,227.4,,,us,usp000hvkq,2014-11-07T01:43:53.954Z,off the east coast of the North Island of New Zealand,earthquake,,,,1,reviewed,wel,us
2007-09-14T12:52:41.800Z,-36.53,177.08,15,3.9,ml,6,212.7,,,us,usp000fn8g,2014-11-07T01:33:35.168Z,"122 km ENE of Tairua, New Zealand",earthquake,,,,,reviewed,wel,wel
2007-04-29T13:09:40.300Z,-36.51,177.33,277,3.9,m,28,284.1,,,us,usp000favp,2014-11-07T01:32:18.389Z,"143 km ENE of Tairua, New Zealand",earthquake,,,,,reviewed,wel,wel
2005-08-15T07:05:20.700Z,-36.5,177.72,226,3.9,m,5,316.7,,,us,usp000dxc9,2014-11-07T01:26:49.155Z,"171 km NNE of Opotiki, New Zealand",earthquake,,,,,reviewed,wel,wel
2006-10-09T02:26:18.200Z,-36.45,177.84,244,3.9,m,5,313,,,us,usp000eurd,2014-11-07T01:30:31.431Z,"179 km NNE of Opotiki, New Zealand",earthquake,,,,,reviewed,wel,wel
2006-06-15T00:43:45.200Z,-36.44,178.32,146,3.9,m,7,333,,,us,usp000ekcz,2014-11-07T01:29:22.546Z,"196 km NNE of Opotiki, New Zealand",earthquake,,,,,reviewed,wel,wel
2005-06-04T00:02:34.400Z,-36.39,177.81,33,3.9,ml,6,313.7,,,us,usp000ds5v,2014-11-07T01:26:05.689Z,"185 km NNE of Opotiki, New Zealand",earthquake,,,,,reviewed,wel,wel
2006-02-24T21:33:00.000Z,-36.37,177.49,185,3.9,m,15,305,,,us,usp000easq,2014-11-07T01:28:21.691Z,"163 km ENE of Tairua, New Zealand",earthquake,,,,,reviewed,wel,wel
2006-06-27T19:42:02.400Z,-36.36,177.93,191,3.9,m,16,313.7,,,us,usp000emed,2014-11-07T01:29:29.500Z,"191 km NNE of Opotiki, New Zealand",earthquake,,,,,reviewed,wel,wel
2007-06-14T00:51:02.600Z,-36.35,177.53,222,3.9,m,20,293.4,,,us,usp000fdz5,2014-11-07T01:32:42.162Z,"167 km ENE of Tairua, New Zealand",earthquake,,,,,reviewed,wel,wel
2006-02-28T22:32:07.500Z,-36.25,178.17,148,3.9,m,14,324.7,,,us,usp000eb2c,2014-11-07T01:28:22.974Z,"210 km NNE of Opotiki, New Zealand",earthquake,,,,,reviewed,wel,wel
2005-01-19T03:21:36.200Z,-36.21,178.03,95,3.9,ml,5,328.8,,,us,usp000ddrb,2014-11-07T01:24:41.607Z,"210 km NNE of Opotiki, New Zealand",earthquake,,,,,reviewed,wel,wel
1993-07-18T18:16:39.280Z,-36.206,178.146,233.9,3.9,mb,,,,0.8,us,usp0005wx3,2014-11-07T00:53:31.782Z,"214 km NNE of Opotiki, New Zealand",earthquake,,34.3,,1,reviewed,us,us
2005-09-22T06:43:44.700Z,-36.16,177.68,196,3.9,m,8,320.9,,,us,usp000dzxc,2014-11-07T01:27:07.281Z,"189 km ENE of Tairua, New Zealand",earthquake,,,,,reviewed,wel,wel
2008-02-03T13:20:36.400Z,-36.03,178.53,220,3.9,mb,43,189.1,,,us,usp000fy2j,2014-11-07T01:34:53.123Z,"245 km NNE of Opotiki, New Zealand",earthquake,,,,1,reviewed,wel,us
2007-05-27T16:42:21.400Z,-36.01,177.83,236,3.9,m,11,319.2,,,us,usp000fcvs,2014-11-07T01:32:32.341Z,"209 km ENE of Tairua, New Zealand",earthquake,,,,,reviewed,wel,wel
2006-02-23T15:38:46.800Z,-35.91,178.27,12,3.9,ml,10,325,,,us,usp000eapn,2014-11-07T01:28:21.323Z,"248 km NNE of Opotiki, New Zealand",earthquake,,,,,reviewed,wel,wel
2006-02-19T17:55:55.900Z,-35.91,178.56,213,3.9,m,13,330.8,,,us,usp000eacz,2014-11-07T01:28:20.245Z,"259 km NNE of Opotiki, New Zealand",earthquake,,,,,reviewed,wel,wel
2007-10-28T18:06:02.000Z,-35.86,178.29,181,3.9,m,9,325.7,,,us,usp000frfz,2014-11-07T01:34:00.292Z,"253 km ENE of Tairua, New Zealand",earthquake,,,,,reviewed,wel,wel
2007-01-11T07:11:19.500Z,-35.86,178.7,145,3.9,m,7,341.5,,,us,usp000f263,2014-11-07T01:31:20.827Z,"269 km NNE of Opotiki, New Zealand",earthquake,,,,,reviewed,wel,wel
2008-02-19T20:17:53.200Z,-35.78,178.6,216,3.9,m,19,331.3,,,us,usp000fz8w,2014-11-07T01:34:58.934Z,"273 km NNE of Opotiki, New Zealand",earthquake,,,,,reviewed,wel,wel
2006-10-29T03:34:45.700Z,-35.76,178.72,286,3.9,m,10,337.7,,,us,usp000ew79,2014-11-07T01:30:38.576Z,"280 km NNE of Opotiki, New Zealand",earthquake,,,,,reviewed,wel,wel
2006-01-06T03:41:18.700Z,-35.74,178.81,263,3.9,m,9,338.9,,,us,usp000e7pj,2014-11-07T01:28:04.216Z,"286 km NNE of Opotiki, New Zealand",earthquake,,,,,reviewed,wel,wel
2006-05-04T06:42:08.300Z,-35.71,177.77,200,3.9,m,14,321.2,,,us,usp000eg85,2014-11-07T01:29:02.580Z,"223 km NE of Whitianga, New Zealand",earthquake,,,,,reviewed,wel,wel
1992-11-14T16:17:12.860Z,-35.399,178.632,286,3.9,mb,,,,0.9,us,usp0005gux,2014-11-07T00:51:51.905Z,off the east coast of the North Island of New Zealand,earthquake,,10.1,,3,reviewed,us,us
1992-03-25T18:53:42.610Z,-35.392,178.429,10,3.9,ms,,,,1.7,us,usp00054u5,2014-11-07T00:50:18.730Z,"293 km NE of Whitianga, New Zealand",earthquake,,,,1,reviewed,us,us
2007-04-23T18:34:18.000Z,-35.38,178.58,216,3.9,mb,26,265.8,,,us,usp000faee,2014-11-07T01:32:15.642Z,off the east coast of the North Island of New Zealand,earthquake,,,,1,reviewed,wel,us
1985-07-13T16:18:47.660Z,-35.264,178.328,232.1,3.9,mb,,,,1.4,us,usp0002grn,2014-11-07T00:36:51.804Z,"293 km NE of Whitianga, New Zealand",earthquake,,14,,2,reviewed,us,us
2006-02-04T21:33:42.400Z,-36.96,177.65,144,3.8,m,15,282.4,,,us,usp000e9g2,2014-11-07T01:28:16.324Z,"120 km NNE of Opotiki, New Zealand",earthquake,,,,,reviewed,wel,wel
2006-01-29T12:31:00.500Z,-36.88,177.63,168,3.8,m,27,227.5,,,us,usp000e92w,2014-11-07T01:28:10.493Z,"128 km NNE of Opotiki, New Zealand",earthquake,,,,,reviewed,wel,wel
2008-04-10T19:36:22.500Z,-36.8,178.23,89,3.8,ml,21,309.3,,,us,usp000g3kb,2014-11-07T01:35:34.921Z,"158 km NNE of Opotiki, New Zealand",earthquake,,,,,reviewed,wel,wel
1993-04-04T00:53:00.330Z,-36.785,177.576,5,3.8,ml,,,,0.9,us,usp0005qmj,2014-11-07T00:52:45.514Z,"138 km N of Opotiki, New Zealand",earthquake,,,,,reviewed,us,wel
2001-11-27T13:35:21.900Z,-36.76,178.47,33,3.8,ml,7,,,,us,usp000atk9,2014-11-07T01:14:19.329Z,"173 km NE of Opotiki, New Zealand",earthquake,,,,,reviewed,wel,wel
2008-06-10T03:19:09.800Z,-36.75,177.68,284,3.8,m,11,343.6,,,us,usp000g92z,2014-11-07T01:36:17.965Z,"144 km NNE of Opotiki, New Zealand",earthquake,,,,,reviewed,wel,wel
2005-04-09T09:54:38.300Z,-36.71,178.29,24,3.8,ml,24,256.8,,,us,usp000dmq9,2014-11-07T01:25:31.594Z,"169 km NNE of Opotiki, New Zealand",earthquake,,,,,reviewed,wel,wel
2005-12-02T17:30:52.500Z,-36.7,177.46,174,3.8,m,13,288.6,,,us,usp000e5cd,2014-11-07T01:27:49.224Z,"145 km NNE of Whakatane, New Zealand",earthquake,,,,,reviewed,wel,wel
2006-05-19T04:39:36.300Z,-36.69,177.63,235,3.8,m,15,305.8,,,us,usp000ehfg,2014-11-07T01:29:08.506Z,"149 km NNE of Opotiki, New Zealand",earthquake,,,,,reviewed,wel,wel
2007-01-25T00:00:23.300Z,-36.67,177.4,170,3.8,m,6,296.2,,,us,usp000f3h8,2014-11-07T01:31:27.140Z,"143 km ENE of Tairua, New Zealand",earthquake,,,,,reviewed,wel,wel
2007-10-30T10:05:54.900Z,-36.62,177.17,5,3.8,ml,5,233,,,us,usp000frkx,2014-11-07T01:34:01.340Z,"125 km ENE of Tairua, New Zealand",earthquake,,,,,reviewed,wel,wel
2007-04-06T04:28:28.400Z,-36.37,178.3,167,3.8,m,21,322.8,,,us,usp000f8up,2014-11-07T01:32:07.315Z,"202 km NNE of Opotiki, New Zealand",earthquake,,,,,reviewed,wel,wel
2006-01-22T07:27:22.100Z,-36.27,178.53,33,3.8,ml,4,337.6,,,us,usp000e8ne,2014-11-07T01:28:08.233Z,"222 km NNE of Opotiki, New Zealand",earthquake,,,,,reviewed,wel,wel
1992-08-22T20:29:16.390Z,-36.184,178.458,268.8,3.8,mb,,,,0.4,us,usp0005cwm,2014-11-07T00:51:17.954Z,"227 km NNE of Opotiki, New Zealand",earthquake,,25.7,,1,reviewed,us,us
2008-03-02T06:32:25.700Z,-36.07,178.81,193,3.8,m,13,337.3,,,us,usp000g0fm,2014-11-07T01:35:09.788Z,"254 km NNE of Opotiki, New Zealand",earthquake,,,,,reviewed,wel,wel
2007-04-12T02:35:18.800Z,-36.03,178.47,97,3.8,ml,6,329.9,,,us,usp000f9g4,2014-11-07T01:32:10.459Z,off the east coast of the North Island of New Zealand,earthquake,,,,,reviewed,wel,wel
1988-03-01T11:07:02.620Z,-36.012,178.827,266,3.8,mb,,,,1.2,us,usp0003dgh,2014-11-07T00:41:44.026Z,"260 km NNE of Opotiki, New Zealand",earthquake,,23.7,,1,reviewed,us,us
2006-09-02T21:11:28.100Z,-35.98,178.03,236,3.8,m,13,251.4,,,us,usp000esbx,2014-11-07T01:30:08.827Z,"226 km ENE of Tairua, New Zealand",earthquake,,,,,reviewed,wel,wel
2005-03-31T21:34:19.600Z,-35.93,177.89,174,3.8,m,4,333.8,,,us,usp000dkun,2014-11-07T01:25:23.056Z,"219 km NE of Tairua, New Zealand",earthquake,,,,,reviewed,wel,wel
2008-07-09T19:01:07.400Z,-35.9,178.42,209,3.8,m,12,328,,,us,usp000gbrx,2014-11-07T01:36:36.173Z,"254 km NNE of Opotiki, New Zealand",earthquake,,,,,reviewed,wel,wel
2007-09-27T21:47:36.100Z,-35.9,178.56,201,3.8,m,7,337.4,,,us,usp000fp8r,2014-11-07T01:33:41.146Z,"260 km NNE of Opotiki, New Zealand",earthquake,,,,,reviewed,wel,wel
2007-01-14T08:33:16.200Z,-35.85,178.65,250,3.8,m,10,332.5,,,us,usp000f2hg,2014-11-07T01:31:22.608Z,"268 km NNE of Opotiki, New Zealand",earthquake,,,,,reviewed,wel,wel
1992-07-29T22:17:01.130Z,-35.824,178.626,228.5,3.8,mb,,,,0.5,us,usp0005bq8,2014-11-07T00:51:08.471Z,"270 km NNE of Opotiki, New Zealand",earthquake,,31.1,,2,reviewed,us,us
2006-12-04T01:53:42.300Z,-35.74,178.47,232,3.8,m,12,329.9,,,us,usp000ezfe,2014-11-07T01:31:04.820Z,"273 km NNE of Opotiki, New Zealand",earthquake,,,,,reviewed,wel,wel
2007-08-25T07:38:35.100Z,-35.72,178.38,250,3.8,m,6,338.7,,,us,usp000fkne,2014-11-07T01:33:22.672Z,"268 km ENE of Tairua, New Zealand",earthquake,,,,,reviewed,wel,wel
1995-05-29T03:04:49.970Z,-35.711,178.378,233.7,3.8,mb,,,,0.9,us,usp0006y8f,2014-11-07T00:58:00.800Z,"269 km ENE of Tairua, New Zealand",earthquake,,31.2,,3,reviewed,us,us
2006-01-04T14:42:34.000Z,-35.58,178.53,264,3.8,m,8,335.5,,,us,usp000e7kc,2014-11-07T01:28:03.782Z,"288 km NE of Tairua, New Zealand",earthquake,,,,,reviewed,wel,wel
2006-05-07T23:27:34.300Z,-35.45,178.63,262,3.8,m,8,266.7,,,us,usp000eghv,2014-11-07T01:29:04.257Z,off the east coast of the North Island of New Zealand,earthquake,,,,,reviewed,wel,wel
2007-10-25T03:13:51.700Z,-35.33,178.39,139,3.8,m,9,329.6,,,us,usp000fr7c,2014-11-07T01:33:59.146Z,"294 km NE of Whitianga, New Zealand",earthquake,,,,,reviewed,wel,wel
2008-08-12T04:41:58.700Z,-36.95,177.59,178,3.7,m,13,322.6,,,us,usp000geft,2014-11-07T01:36:53.262Z,"120 km NNE of Opotiki, New Zealand",earthquake,,,,,reviewed,wel,wel
2007-10-01T04:40:03.200Z,-36.89,177.55,157,3.7,m,5,304.1,,,us,usp000fpkt,2014-11-07T01:33:45.858Z,"126 km N of Opotiki, New Zealand",earthquake,,,,,reviewed,wel,wel
2005-12-25T21:55:33.000Z,-36.82,177.71,141,3.7,m,14,291.9,,,us,usp000e6w4,2014-11-07T01:27:56.718Z,"137 km NNE of Opotiki, New Zealand",earthquake,,,,,reviewed,wel,wel
2008-12-08T11:25:15.520Z,-36.771,177.493,164.3,3.7,m,56,286.3,,,us,usp000gq6e,2014-11-07T01:37:55.787Z,"138 km N of Opotiki, New Zealand",earthquake,,,,,reviewed,wel,wel
2006-12-14T11:13:08.000Z,-36.76,177.47,219,3.7,m,10,305.3,,,us,usp000f06r,2014-11-07T01:31:08.301Z,"139 km N of Opotiki, New Zealand",earthquake,,,,,reviewed,wel,wel
2007-06-09T21:27:55.100Z,-36.74,177.43,223,3.7,m,13,300.3,,,us,usp000fdqt,2014-11-07T01:32:40.784Z,"140 km NNE of Whakatane, New Zealand",earthquake,,,,,reviewed,wel,wel
2008-12-02T10:26:05.900Z,-36.716,177.379,188.8,3.7,m,18,310.8,,,us,usp000gpt8,2014-11-07T01:37:52.261Z,"140 km ENE of Tairua, New Zealand",earthquake,,,,,reviewed,wel,wel
2007-05-17T09:18:20.700Z,-36.62,178.32,12,3.7,ml,11,252.1,,,us,usp000fc5b,2014-11-07T01:32:28.938Z,"179 km NNE of Opotiki, New Zealand",earthquake,,,,,reviewed,wel,wel
2007-04-10T21:58:20.300Z,-36.49,177.96,44,3.7,ml,9,311.7,,,us,usp000f9cq,2014-11-07T01:32:10.033Z,"178 km NNE of Opotiki, New Zealand",earthquake,,,,,reviewed,wel,wel
1993-03-07T03:14:29.110Z,-36.45,177.733,263.2,3.7,mb,,,,0.6,us,usp0005p3t,2014-11-07T00:52:33.097Z,"177 km NNE of Opotiki, New Zealand",earthquake,,27.2,,1,reviewed,us,us
2006-02-08T22:07:37.400Z,-36.28,177.27,280,3.7,mb,27,225.7,,,us,usp000e9su,2014-11-07T01:28:17.516Z,off the east coast of the North Island of New Zealand,earthquake,,,,2,reviewed,wel,us
2008-08-18T06:58:47.300Z,-36.19,178.41,58,3.7,ml,5,336.9,,,us,usp000gey0,2014-11-07T01:36:56.249Z,"225 km NNE of Opotiki, New Zealand",earthquake,,,,,reviewed,wel,wel
2007-06-08T13:03:56.500Z,-36.16,178.21,208,3.7,m,10,326.7,,,us,usp000fdmd,2014-11-07T01:32:40.303Z,"221 km NNE of Opotiki, New Zealand",earthquake,,,,,reviewed,wel,wel
2008-01-14T05:53:09.000Z,-36.13,177.63,188,3.7,m,4,328.6,,,us,usp000fwps,2014-11-07T01:34:42.052Z,"187 km ENE of Tairua, New Zealand",earthquake,,,,,reviewed,wel,wel
1993-05-27T04:21:33.770Z,-36.019,178.525,255.2,3.7,mb,,,,1.1,us,usp0005thx,2014-11-07T00:53:04.466Z,"246 km NNE of Opotiki, New Zealand",earthquake,,11.4,,1,reviewed,us,us
2008-12-31T17:12:22.100Z,-35.988,178.281,203.7,3.7,m,25,324.4,,,us,usp000grxs,2014-11-07T01:38:04.936Z,"241 km NNE of Opotiki, New Zealand",earthquake,,,,,reviewed,wel,wel
2007-03-19T01:15:54.900Z,-35.95,178.24,208,3.7,m,4,337.1,,,us,usp000f6z7,2014-11-07T01:31:53.900Z,"243 km NNE of Opotiki, New Zealand",earthquake,,,,,reviewed,wel,wel
2007-11-09T12:56:09.700Z,-35.62,178.85,248,3.7,mb,32,272.8,,,us,usp000fs8v,2014-11-07T01:34:08.840Z,"299 km NNE of Opotiki, New Zealand",earthquake,,,,1,reviewed,wel,us
1992-02-10T03:58:30.510Z,-35.684,178.957,298.1,3.6,mb,,,,1,us,usp00052va,2014-11-07T00:50:05.085Z,"297 km NNE of Opotiki, New Zealand",earthquake,,15.2,,2,reviewed,us,us
1998-06-14T12:00:59.580Z,-35.53,178.561,300,3.6,mb,,,,1.01,us,usp0008pwp,2014-11-07T01:05:24.782Z,"294 km NE of Tairua, New Zealand",earthquake,,,,2,reviewed,us,us
1992-05-11T09:50:51.250Z,-36.721,177.325,243.7,3.5,mb,,,,0.4,us,usp0005767,2014-11-07T00:50:36.806Z,"135 km ENE of Tairua, New Zealand",earthquake,,51.6,,1,reviewed,us,us
1993-07-27T13:51:58.880Z,-36.24,178.205,244.1,3.5,mb,,,,0.9,us,usp0005xg8,2014-11-07T00:53:34.161Z,"212 km NNE of Opotiki, New Zealand",earthquake,,35.3,,1,reviewed,us,us
1992-03-22T15:31:00.050Z,-36.121,177.924,223.2,3.4,mb,,,,0.5,us,usp00054pc,2014-11-07T00:50:18.172Z,"210 km ENE of Tairua, New Zealand",earthquake,,8.9,,2,reviewed,us,us
1992-08-03T10:58:42.800Z,-36.119,178.357,258.3,3.4,mb,,,,1,us,usp0005bx7,2014-11-07T00:51:12.635Z,"230 km NNE of Opotiki, New Zealand",earthquake,,9.2,,2,reviewed,us,us
1994-05-06T23:12:46.010Z,-35.734,178.898,318,3.4,mb,,,,1,us,usp0006c6z,2014-11-07T00:55:27.000Z,"290 km NNE of Opotiki, New Zealand",earthquake,,11,,2,reviewed,us,us
1993-01-31T07:35:23.710Z,-36.604,177.2,274.2,3.3,mb,,,,0.6,us,usp0005mff,2014-11-07T00:52:17.695Z,"128 km ENE of Tairua, New Zealand",earthquake,,8.3,,2,reviewed,us,us
1993-04-03T03:10:56.160Z,-37.021,178.114,82,3.2,mb,,,,1.2,us,usp0005qjy,2014-11-07T00:52:44.879Z,"131 km NNE of Opotiki, New Zealand",earthquake,,15.1,,1,reviewed,us,us
1994-02-10T15:47:01.590Z,-36.266,177.998,188.4,3.2,mb,,,,0.7,us,usp00068au,2014-11-07T00:54:57.908Z,"203 km NNE of Opotiki, New Zealand",earthquake,,13.3,,1,reviewed,us,us
1993-10-26T23:43:13.840Z,-36.155,178.122,227.4,3.1,mb,,,,1.5,us,usp00062rw,2014-11-07T00:54:15.601Z,"218 km NNE of Opotiki, New Zealand",earthquake,,17,,1,reviewed,us,us
1993-10-26T23:43:13.840Z,-36.13,178.05,,8,,,,,,,,,Rumble IV volcano,earthquake,,,,,,,
